257.427, 257.427, 257.427, 257.427, 257.427, 257.427, 257.427, 257.427, 257.427, 257.427, 257.427, 257.427, 257.427, 257.427, 257.427, 257.427, 257.427, 257.427, 257.427, 257.427, 257.427, 257.427, 257.427, 257.427, 257.427, 257.427, 257.427, 257.427, 257.427, 257.427, 257.427, 257.427, 257.427, 257.427, 257.427, 257.427, 257.427, 257.427, 257.427, 257.427, 257.427, 257.427, 257.427, 257.427, 257.427, 257.427, 257.427, 257.427, 257.427, 257.427, 257.427, 257.427, 257.427, 257.427, 257.427, 257.427, 257.427, 257.427, 257.427, 257.427, 257.427, 257.427, 257.427, 257.427, 257.427, 257.427, 257.427, 257.427, 257.427, 257.427, 257.427, 257.427, 257.427, 257.427, 257.427, 257.427, 257.427, 257.427, 257.427, 257.427, 257.427, 257.427, 257.427, 257.427, 257.427, 257.427, 257.427, 257.427, 257.427, 257.427, 257.427, 257.427, 257.427, 257.427, 257.427, 257.427, 257.427, 257.427, 257.427, 257.427
257.427, 257.427, 257.427, 257.427, 257.427, 257.427, 257.427, 257.427, 257.427, 257.427, 257.427, 257.427, 257.427, 257.427, 257.427, 257.427, 257.427, 257.427, 257.427, 257.427, 257.427, 257.427, 257.427, 257.427, 257.427, 257.427, 257.427, 257.427, 257.427, 257.427, 257.427, 257.427, 257.427, 257.427, 257.427, 257.427, 257.427, 257.427, 257.427, 257.427, 257.427, 257.427, 257.427, 257.427, 257.427, 257.427, 257.427, 257.427, 257.427, 257.427, 289.631, 289.631, 289.631, 289.631, 289.631, 289.631, 289.631, 289.631, 289.631, 289.631, 289.631, 289.631, 289.631, 289.631, 289.631, 289.631, 289.631, 289.631, 289.631, 289.631, 289.631, 289.631, 289.631, 289.631, 289.631, 289.631, 289.631, 289.631, 289.631, 289.631, 289.631, 289.631, 289.631, 289.631, 289.631, 289.631, 289.631, 289.631, 289.631, 289.631, 289.631, 289.631, 289.631, 289.631, 289.631, 289.631, 289.631, 289.631, 289.631, 289.631
257.427, 257.427, 257.427, 257.427, 289.631, 289.631, 289.631, 257.427, 289.631, 289.631, 289.631, 257.427, 257.427, 257.427, 289.631, 257.427, 257.427, 289.631, 257.427, 289.631, 257.427, 257.427, 289.631, 289.631, 257.427, 289.631, 289.631, 257.427, 289.631, 257.427, 257.427, 289.631, 289.631, 257.427, 289.631, 257.427, 289.631, 289.631, 257.427, 257.427, 257.427, 289.631, 257.427, 257.427, 289.631, 289.631, 257.427, 257.427, 289.631, 289.631, 142.642, 142.642, 142.642, 142.642, 142.642, 142.642, 142.642, 142.642, 142.642, 142.642, 142.642, 142.642, 142.642, 142.642, 142.642, 142.642, 142.642, 142.642, 142.642, 142.642, 142.642, 142.642, 142.642, 142.642, 142.642, 142.642, 142.642, 142.642, 142.642, 142.642, 142.642, 142.642, 142.642, 142.642, 142.642, 142.642, 142.642, 142.642, 142.642, 142.642, 142.642, 142.642, 142.642, 142.642, 142.642, 142.642, 142.642, 142.642, 142.642, 142.642
142.642, 257.427, 142.642, 289.631, 257.427, 257.427, 257.427, 142.642, 289.631, 142.642, 257.427, 142.642, 142.642, 257.427, 142.642, 142.642, 289.631, 257.427, 142.642, 289.631, 289.631, 142.642, 257.427, 289.631, 142.642, 257.427, 142.642, 142.642, 257.427, 142.642, 257.427, 257.427, 142.642, 142.642, 257.427, 142.642, 257.427, 257.427, 142.642, 289.631, 142.642, 289.631, 289.631, 142.642, 142.642, 142.642, 289.631, 142.642, 142.642, 142.642, 142.642, 642.552, 642.552, 642.552, 642.552, 642.552, 642.552, 642.552, 642.552, 642.552, 642.552, 642.552, 642.552, 642.552, 642.552, 642.552, 642.552, 642.552, 642.552, 642.552, 642.552, 642.552, 642.552, 642.552, 642.552, 642.552, 642.552, 642.552, 642.552, 642.552, 642.552, 642.552, 642.552, 642.552, 642.552, 642.552, 642.552, 642.552, 642.552, 642.552, 642.552, 642.552, 642.552, 642.552, 642.552, 642.552, 642.552, 642.552, 642.552, 642.552
642.552, 142.642, 642.552, 142.642, 142.642, 142.642, 142.642, 642.552, 289.631, 642.552, 257.427, 642.552, 642.552, 142.642, 642.552, 642.552, 257.427, 142.642, 642.552, 142.642, 142.642, 642.552, 142.642, 289.631, 642.552, 142.642, 642.552, 642.552, 289.631, 642.552, 142.642, 289.631, 642.552, 642.552, 142.642, 642.552, 289.631, 257.427, 642.552, 142.642, 642.552, 289.631, 142.642, 642.552, 642.552, 642.552, 142.642, 642.552, 642.552, 642.552, 557.372, 892.977, 892.977, 892.977, 892.977, 892.977, 892.977, 892.977, 892.977, 892.977, 892.977, 892.977, 892.977, 892.977, 892.977, 892.977, 892.977, 892.977, 892.977, 892.977, 892.977, 892.977, 892.977, 892.977, 892.977, 892.977, 892.977, 892.977, 892.977, 892.977, 892.977, 892.977, 892.977, 892.977, 892.977, 892.977, 892.977, 892.977, 892.977, 892.977, 892.977, 892.977, 892.977, 892.977, 892.977, 892.977, 892.977, 892.977, 892.977, 892.977
142.642, 892.977, 642.552, 289.631, 892.977, 892.977, 642.552, 892.977, 142.642, 892.977, 892.977, 142.642, 892.977, 892.977, 892.977, 642.552, 892.977, 892.977, 142.642, 892.977, 142.642, 642.552, 892.977, 892.977, 892.977, 142.642, 892.977, 892.977, 892.977, 142.642, 892.977, 892.977, 892.977, 892.977, 892.977, 892.977, 892.977, 892.977, 892.977, 142.642, 892.977, 892.977, 892.977, 892.977, 892.977, 892.977, 642.552, 892.977, 642.552, 892.977, 892.977, 1106.89, 1106.89, 1106.89, 1106.89, 1106.89, 1106.89, 1106.89, 1106.89, 1106.89, 1106.89, 1106.89, 1106.89, 1106.89, 1106.89, 1106.89, 1106.89, 1106.89, 1106.89, 1106.89, 1106.89, 1106.89, 1106.89, 1106.89, 1106.89, 1106.89, 1106.89, 1106.89, 1106.89, 1106.89, 1106.89, 1106.89, 1106.89, 1106.89, 1106.89, 1106.89, 1106.89, 1106.89, 1106.89, 1106.89, 1106.89, 1106.89, 1106.89, 1106.89, 1106.89, 1106.89, 1106.89, 1106.89, 1106.89, 1106.89
142.642, 1106.89, 892.977, 892.977, 1106.89, 1106.89, 892.977, 1106.89, 892.977, 1106.89, 1106.89, 892.977, 1106.89, 1106.89, 1106.89, 892.977, 1106.89, 1106.89, 892.977, 1106.89, 142.642, 892.977, 1106.89, 1106.89, 1106.89, 142.642, 1106.89, 1106.89, 1106.89, 892.977, 1106.89, 1106.89, 1106.89, 1106.89, 1106.89, 1106.89, 1106.89, 1106.89, 1106.89, 892.977, 1106.89, 1106.89, 1106.89, 1106.89, 1106.89, 1106.89, 142.642, 1106.89, 142.642, 1106.89, 844.032, 844.032, 844.032, 844.032, 844.032, 844.032, 844.032, 844.032, 844.032, 844.032, 844.032, 844.032, 844.032, 844.032, 844.032, 844.032, 844.032, 844.032, 844.032, 844.032, 844.032, 844.032, 844.032, 844.032, 844.032, 844.032, 844.032, 844.032, 844.032, 844.032, 844.032, 844.032, 844.032, 844.032, 844.032, 844.032, 844.032, 844.032, 844.032, 844.032, 844.032, 844.032, 844.032, 844.032, 844.032, 844.032, 844.032, 844.032, 844.032, 844.032
844.032, 844.032, 1106.89, 892.977, 844.032, 892.977, 1106.89, 844.032, 1106.89, 1106.89, 844.032, 844.032, 844.032, 1106.89, 844.032, 844.032, 844.032, 844.032, 892.977, 844.032, 1106.89, 844.032, 1106.89, 1106.89, 892.977, 1106.89, 1106.89, 844.032, 1106.89, 844.032, 1106.89, 844.032, 1106.89, 1106.89, 142.642, 142.642, 1106.89, 1106.89, 1106.89, 892.977, 844.032, 1106.89, 844.032, 1106.89, 1106.89, 844.032, 844.032, 142.642, 1106.89, 844.032, 256.943, 844.032, 844.032, 844.032, 844.032, 844.032, 844.032, 844.032, 844.032, 844.032, 844.032, 844.032, 844.032, 844.032, 844.032, 844.032, 844.032, 844.032, 844.032, 844.032, 844.032, 844.032, 844.032, 844.032, 844.032, 844.032, 844.032, 844.032, 844.032, 844.032, 844.032, 844.032, 844.032, 844.032, 844.032, 844.032, 844.032, 844.032, 844.032, 844.032, 844.032, 844.032, 844.032, 844.032, 844.032, 844.032, 844.032, 844.032, 844.032, 844.032
844.032, 844.032, 1106.89, 844.032, 844.032, 844.032, 1106.89, 844.032, 844.032, 844.032, 844.032, 844.032, 844.032, 142.642, 844.032, 844.032, 844.032, 844.032, 892.977, 844.032, 142.642, 844.032, 1106.89, 892.977, 1106.89, 844.032, 844.032, 844.032, 844.032, 844.032, 142.642, 844.032, 1106.89, 142.642, 1106.89, 844.032, 1106.89, 1106.89, 1106.89, 1106.89, 844.032, 844.032, 844.032, 142.642, 844.032, 844.032, 844.032, 1106.89, 844.032, 844.032, 1076.7, 777.383, 777.383, 777.383, 777.383, 777.383, 777.383, 777.383, 777.383, 777.383, 777.383, 777.383, 777.383, 777.383, 777.383, 777.383, 777.383, 777.383, 777.383, 777.383, 777.383, 777.383, 777.383, 777.383, 777.383, 777.383, 777.383, 777.383, 777.383, 777.383, 777.383, 777.383, 777.383, 777.383, 777.383, 777.383, 777.383, 777.383, 777.383, 777.383, 777.383, 777.383, 777.383, 777.383, 777.383, 777.383, 777.383, 777.383, 777.383, 777.383
844.032, 1106.89, 1106.89, 1106.89, 844.032, 844.032, 777.383, 142.642, 142.642, 777.383, 1106.89, 777.383, 1106.89, 1106.89, 777.383, 1106.89, 1106.89, 1106.89, 142.642, 1106.89, 777.383, 844.032, 777.383, 777.383, 142.642, 777.383, 777.383, 777.383, 1106.89, 844.032, 777.383, 777.383, 777.383, 777.383, 1106.89, 844.032, 777.383, 844.032, 1076.7, 777.383, 1106.89, 844.032, 777.383, 777.383, 777.383, 777.383, 892.977, 844.032, 844.032, 142.642, 777.383, 1076.7, 1076.7, 1076.7, 1076.7, 1076.7, 1076.7, 1076.7, 1076.7, 1076.7, 1076.7, 1076.7, 1076.7, 1076.7, 1076.7, 1076.7, 1076.7, 1076.7, 1076.7, 1076.7, 1076.7, 1076.7, 1076.7, 1076.7, 1076.7, 1076.7, 1076.7, 1076.7, 1076.7, 1076.7, 1076.7, 1076.7, 1076.7, 1076.7, 1076.7, 1076.7, 1076.7, 1076.7, 1076.7, 1076.7, 1076.7, 1076.7, 1076.7, 1076.7, 1076.7, 1076.7, 1076.7, 1076.7, 1076.7, 1076.7
142.642, 777.383, 777.383, 777.383, 777.383, 777.383, 1076.7, 777.383, 777.383, 1076.7, 777.383, 1076.7, 142.642, 777.383, 1076.7, 777.383, 1076.7, 844.032, 1106.89, 777.383, 1076.7, 777.383, 1076.7, 1076.7, 777.383, 1076.7, 1076.7, 1076.7, 844.032, 777.383, 1076.7, 1076.7, 1076.7, 1076.7, 777.383, 142.642, 1076.7, 142.642, 777.383, 1076.7, 142.642, 142.642, 1076.7, 1076.7, 1076.7, 1076.7, 777.383, 777.383, 844.032, 777.383, 683.009, 1035.31, 1035.31, 1035.31, 1035.31, 1035.31, 1035.31, 1035.31, 1035.31, 1035.31, 1035.31, 1035.31, 1035.31, 1035.31, 1035.31, 1035.31, 1035.31, 1035.31, 1035.31, 1035.31, 1035.31, 1035.31, 1035.31, 1035.31, 1035.31, 1035.31, 1035.31, 1035.31, 1035.31, 1035.31, 1035.31, 1035.31, 1035.31, 1035.31, 1035.31, 1035.31, 1035.31, 1035.31, 1035.31, 1035.31, 1035.31, 1035.31, 1035.31, 1035.31, 1035.31, 1035.31, 1035.31, 1035.31, 1035.31, 1035.31
1035.31, 1035.31, 1035.31, 1035.31, 1076.7, 1035.31, 1035.31, 1035.31, 1076.7, 1076.7, 1076.7, 1035.31, 1035.31, 1035.31, 1035.31, 1076.7, 1035.31, 777.383, 1035.31, 1035.31, 777.383, 1035.31, 1035.31, 777.383, 777.383, 1035.31, 1035.31, 777.383, 777.383, 1035.31, 1035.31, 1035.31, 777.383, 1035.31, 1035.31, 1076.7, 777.383, 1035.31, 1035.31, 1035.31, 1035.31, 777.383, 1035.31, 1076.7, 1035.31, 1035.31, 1035.31, 142.642, 1035.31, 1035.31, 991.877, 991.877, 991.877, 991.877, 991.877, 991.877, 991.877, 991.877, 991.877, 991.877, 991.877, 991.877, 991.877, 991.877, 991.877, 991.877, 991.877, 991.877, 991.877, 991.877, 991.877, 991.877, 991.877, 991.877, 991.877, 991.877, 991.877, 991.877, 991.877, 991.877, 991.877, 991.877, 991.877, 991.877, 991.877, 991.877, 991.877, 991.877, 991.877, 991.877, 991.877, 991.877, 991.877, 991.877, 991.877, 991.877, 991.877, 991.877, 991.877, 991.877
991.877, 991.877, 991.877, 991.877, 1076.7, 991.877, 991.877, 991.877, 1035.31, 1035.31, 1035.31, 991.877, 991.877, 991.877, 991.877, 1035.31, 991.877, 1076.7, 991.877, 991.877, 1076.7, 991.877, 991.877, 1035.31, 1035.31, 991.877, 991.877, 1035.31, 1035.31, 991.877, 991.877, 991.877, 1076.7, 991.877, 991.877, 1035.31, 1035.31, 991.877, 991.877, 991.877, 991.877, 1035.31, 991.877, 1035.31, 991.877, 991.877, 991.877, 777.383, 991.877, 991.877, 898.231, 898.231, 898.231, 898.231, 898.231, 898.231, 898.231, 898.231, 898.231, 898.231, 898.231, 898.231, 898.231, 898.231, 898.231, 898.231, 898.231, 898.231, 898.231, 898.231, 898.231, 898.231, 898.231, 898.231, 898.231, 898.231, 898.231, 898.231, 898.231, 898.231, 898.231, 898.231, 898.231, 898.231, 898.231, 898.231, 898.231, 898.231, 898.231, 898.231, 898.231, 898.231, 898.231, 898.231, 898.231, 898.231, 898.231, 898.231, 898.231, 898.231
898.231, 1035.31, 898.231, 1035.31, 991.877, 1076.7, 898.231, 898.231, 1035.31, 898.231, 991.877, 1035.31, 991.877, 898.231, 991.877, 991.877, 898.231, 898.231, 898.231, 898.231, 991.877, 991.877, 898.231, 991.877, 991.877, 1076.7, 991.877, 991.877, 991.877, 1076.7, 991.877, 898.231, 898.231, 898.231, 898.231, 898.231, 991.877, 1076.7, 898.231, 898.231, 991.877, 898.231, 898.231, 991.877, 898.231, 991.877, 898.231, 898.231, 991.877, 898.231, 898.231, 764.199, 764.199, 764.199, 764.199, 764.199, 764.199, 764.199, 764.199, 764.199, 764.199, 764.199, 764.199, 764.199, 764.199, 764.199, 764.199, 764.199, 764.199, 764.199, 764.199, 764.199, 764.199, 764.199, 764.199, 764.199, 764.199, 764.199, 764.199, 764.199, 764.199, 764.199, 764.199, 764.199, 764.199, 764.199, 764.199, 764.199, 764.199, 764.199, 764.199, 764.199, 764.199, 764.199, 764.199, 764.199, 764.199, 764.199, 764.199, 764.199
764.199, 898.231, 764.199, 991.877, 898.231, 898.231, 764.199, 764.199, 898.231, 764.199, 1076.7, 991.877, 898.231, 764.199, 898.231, 991.877, 764.199, 764.199, 764.199, 764.199, 898.231, 991.877, 764.199, 898.231, 898.231, 991.877, 898.231, 898.231, 898.231, 991.877, 991.877, 764.199, 764.199, 764.199, 764.199, 898.231, 991.877, 991.877, 764.199, 764.199, 898.231, 764.199, 764.199, 1076.7, 764.199, 898.231, 764.199, 764.199, 898.231, 764.199, 871.214, 871.214, 871.214, 871.214, 871.214, 871.214, 871.214, 871.214, 871.214, 871.214, 871.214, 871.214, 871.214, 871.214, 871.214, 871.214, 871.214, 871.214, 871.214, 871.214, 871.214, 871.214, 871.214, 871.214, 871.214, 871.214, 871.214, 871.214, 871.214, 871.214, 871.214, 871.214, 871.214, 871.214, 871.214, 871.214, 871.214, 871.214, 871.214, 871.214, 871.214, 871.214, 871.214, 871.214, 871.214, 871.214, 871.214, 871.214, 871.214, 871.214
871.214, 898.231, 871.214, 871.214, 871.214, 764.199, 764.199, 871.214, 871.214, 871.214, 764.199, 898.231, 871.214, 871.214, 871.214, 871.214, 871.214, 871.214, 871.214, 991.877, 871.214, 764.199, 764.199, 898.231, 991.877, 871.214, 871.214, 764.199, 764.199, 764.199, 764.199, 991.877, 871.214, 764.199, 764.199, 871.214, 871.214, 871.214, 991.877, 991.877, 871.214, 764.199, 871.214, 871.214, 871.214, 871.214, 898.231, 871.214, 898.231, 871.214, 746.26, 740.802, 740.802, 740.802, 740.802, 740.802, 740.802, 740.802, 740.802, 740.802, 740.802, 740.802, 740.802, 740.802, 740.802, 740.802, 740.802, 740.802, 740.802, 740.802, 740.802, 740.802, 740.802, 740.802, 740.802, 740.802, 740.802, 740.802, 740.802, 740.802, 740.802, 740.802, 740.802, 740.802, 740.802, 740.802, 740.802, 740.802, 740.802, 740.802, 740.802, 740.802, 740.802, 740.802, 740.802, 740.802, 740.802, 740.802, 740.802, 740.802
740.802, 871.214, 740.802, 740.802, 740.802, 898.231, 991.877, 740.802, 740.802, 740.802, 764.199, 871.214, 740.802, 740.802, 740.802, 740.802, 740.802, 740.802, 740.802, 871.214, 740.802, 764.199, 764.199, 871.214, 871.214, 740.802, 740.802, 871.214, 991.877, 871.214, 871.214, 871.214, 740.802, 991.877, 764.199, 740.802, 740.802, 740.802, 898.231, 871.214, 740.802, 764.199, 740.802, 740.802, 740.802, 740.802, 871.214, 740.802, 871.214, 740.802, 901.288, 901.288, 901.288, 901.288, 901.288, 901.288, 901.288, 901.288, 901.288, 901.288, 901.288, 901.288, 901.288, 901.288, 901.288, 901.288, 901.288, 901.288, 901.288, 901.288, 901.288, 901.288, 901.288, 901.288, 901.288, 901.288, 901.288, 901.288, 901.288, 901.288, 901.288, 901.288, 901.288, 901.288, 901.288, 901.288, 901.288, 901.288, 901.288, 901.288, 901.288, 901.288, 901.288, 901.288, 901.288, 901.288, 901.288, 901.288, 901.288, 901.288
901.288, 901.288, 740.802, 764.199, 901.288, 901.288, 901.288, 901.288, 740.802, 901.288, 991.877, 740.802, 740.802, 901.288, 740.802, 901.288, 740.802, 901.288, 740.802, 991.877, 740.802, 740.802, 740.802, 740.802, 901.288, 901.288, 871.214, 740.802, 901.288, 871.214, 901.288, 740.802, 740.802, 901.288, 901.288, 901.288, 871.214, 901.288, 901.288, 901.288, 740.802, 764.199, 764.199, 901.288, 901.288, 901.288, 901.288, 764.199, 740.802, 901.288, 1014.07, 901.288, 901.288, 901.288, 901.288, 901.288, 901.288, 901.288, 901.288, 901.288, 901.288, 901.288, 901.288, 901.288, 901.288, 901.288, 901.288, 901.288, 901.288, 901.288, 901.288, 901.288, 901.288, 901.288, 901.288, 901.288, 901.288, 901.288, 901.288, 901.288, 901.288, 901.288, 901.288, 901.288, 901.288, 901.288, 901.288, 901.288, 901.288, 901.288, 901.288, 901.288, 901.288, 901.288, 901.288, 901.288, 901.288, 901.288, 901.288, 901.288
901.288, 901.288, 740.802, 901.288, 901.288, 901.288, 901.288, 901.288, 764.199, 901.288, 901.288, 901.288, 740.802, 901.288, 901.288, 901.288, 764.199, 901.288, 740.802, 901.288, 901.288, 871.214, 740.802, 740.802, 901.288, 901.288, 740.802, 740.802, 901.288, 901.288, 901.288, 901.288, 740.802, 901.288, 901.288, 901.288, 901.288, 901.288, 901.288, 901.288, 740.802, 901.288, 740.802, 901.288, 901.288, 901.288, 901.288, 740.802, 740.802, 901.288, 589.821, 789.717, 789.717, 789.717, 789.717, 789.717, 789.717, 789.717, 789.717, 789.717, 789.717, 789.717, 789.717, 789.717, 789.717, 789.717, 789.717, 789.717, 789.717, 789.717, 789.717, 789.717, 789.717, 789.717, 789.717, 789.717, 789.717, 789.717, 789.717, 789.717, 789.717, 789.717, 789.717, 789.717, 789.717, 789.717, 789.717, 789.717, 789.717, 789.717, 789.717, 789.717, 789.717, 789.717, 789.717, 789.717, 789.717, 789.717, 789.717, 789.717
740.802, 789.717, 789.717, 789.717, 789.717, 901.288, 789.717, 901.288, 740.802, 901.288, 789.717, 789.717, 789.717, 901.288, 789.717, 789.717, 901.288, 789.717, 740.802, 764.199, 789.717, 901.288, 789.717, 901.288, 901.288, 789.717, 901.288, 789.717, 901.288, 789.717, 740.802, 764.199, 740.802, 901.288, 789.717, 789.717, 901.288, 740.802, 901.288, 901.288, 901.288, 789.717, 789.717, 740.802, 901.288, 740.802, 789.717, 901.288, 740.802, 789.717, 668.524, 789.717, 789.717, 789.717, 789.717, 789.717, 789.717, 789.717, 789.717, 789.717, 789.717, 789.717, 789.717, 789.717, 789.717, 789.717, 789.717, 789.717, 789.717, 789.717, 789.717, 789.717, 789.717, 789.717, 789.717, 789.717, 789.717, 789.717, 789.717, 789.717, 789.717, 789.717, 789.717, 789.717, 789.717, 789.717, 789.717, 789.717, 789.717, 789.717, 789.717, 789.717, 789.717, 789.717, 789.717, 789.717, 789.717, 789.717, 789.717, 789.717
901.288, 789.717, 789.717, 789.717, 789.717, 789.717, 789.717, 764.199, 901.288, 901.288, 789.717, 789.717, 789.717, 901.288, 789.717, 789.717, 901.288, 789.717, 740.802, 901.288, 789.717, 901.288, 789.717, 740.802, 789.717, 789.717, 740.802, 789.717, 789.717, 789.717, 901.288, 901.288, 740.802, 901.288, 789.717, 789.717, 740.802, 740.802, 789.717, 740.802, 764.199, 789.717, 789.717, 740.802, 901.288, 740.802, 789.717, 740.802, 901.288, 789.717, 1011.84, 892.617, 892.617, 892.617, 892.617, 892.617, 892.617, 892.617, 892.617, 892.617, 892.617, 892.617, 892.617, 892.617, 892.617, 892.617, 892.617, 892.617, 892.617, 892.617, 892.617, 892.617, 892.617, 892.617, 892.617, 892.617, 892.617, 892.617, 892.617, 892.617, 892.617, 892.617, 892.617, 892.617, 892.617, 892.617, 892.617, 892.617, 892.617, 892.617, 892.617, 892.617, 892.617, 892.617, 892.617, 892.617, 892.617, 892.617, 892.617, 892.617
892.617, 892.617, 892.617, 789.717, 892.617, 892.617, 901.288, 892.617, 740.802, 789.717, 901.288, 892.617, 789.717, 901.288, 892.617, 892.617, 892.617, 740.802, 789.717, 892.617, 789.717, 789.717, 789.717, 740.802, 901.288, 901.288, 892.617, 740.802, 740.802, 789.717, 901.288, 892.617, 789.717, 901.288, 892.617, 901.288, 789.717, 1011.84, 901.288, 789.717, 901.288, 892.617, 892.617, 892.617, 789.717, 789.717, 901.288, 892.617, 892.617, 892.617, 604.264, 604.264, 604.264, 604.264, 604.264, 604.264, 604.264, 604.264, 604.264, 604.264, 604.264, 604.264, 604.264, 604.264, 604.264, 604.264, 604.264, 604.264, 604.264, 604.264, 604.264, 604.264, 604.264, 604.264, 604.264, 604.264, 604.264, 604.264, 604.264, 604.264, 604.264, 604.264, 604.264, 604.264, 604.264, 604.264, 604.264, 604.264, 604.264, 604.264, 604.264, 604.264, 604.264, 604.264, 604.264, 604.264, 604.264, 604.264, 604.264, 604.264
604.264, 604.264, 604.264, 892.617, 604.264, 789.717, 604.264, 892.617, 789.717, 604.264, 604.264, 892.617, 789.717, 892.617, 604.264, 604.264, 892.617, 604.264, 604.264, 892.617, 604.264, 892.617, 901.288, 604.264, 892.617, 789.717, 789.717, 604.264, 789.717, 901.288, 789.717, 740.802, 901.288, 604.264, 901.288, 604.264, 789.717, 604.264, 892.617, 604.264, 604.264, 604.264, 604.264, 901.288, 604.264, 892.617, 604.264, 892.617, 604.264, 604.264, 726.634, 726.634, 726.634, 726.634, 726.634, 726.634, 726.634, 726.634, 726.634, 726.634, 726.634, 726.634, 726.634, 726.634, 726.634, 726.634, 726.634, 726.634, 726.634, 726.634, 726.634, 726.634, 726.634, 726.634, 726.634, 726.634, 726.634, 726.634, 726.634, 726.634, 726.634, 726.634, 726.634, 726.634, 726.634, 726.634, 726.634, 726.634, 726.634, 726.634, 726.634, 726.634, 726.634, 726.634, 726.634, 726.634, 726.634, 726.634, 726.634, 726.634
726.634, 726.634, 726.634, 740.802, 726.634, 604.264, 726.634, 789.717, 892.617, 726.634, 726.634, 789.717, 604.264, 604.264, 726.634, 726.634, 604.264, 726.634, 726.634, 892.617, 726.634, 604.264, 789.717, 726.634, 892.617, 789.717, 604.264, 726.634, 892.617, 604.264, 901.288, 604.264, 604.264, 726.634, 604.264, 726.634, 604.264, 726.634, 604.264, 726.634, 726.634, 726.634, 726.634, 604.264, 726.634, 892.617, 726.634, 604.264, 726.634, 726.634, 771.432, 622.846, 622.846, 622.846, 622.846, 622.846, 622.846, 622.846, 622.846, 622.846, 622.846, 622.846, 622.846, 622.846, 622.846, 622.846, 622.846, 622.846, 622.846, 622.846, 622.846, 622.846, 622.846, 622.846, 622.846, 622.846, 622.846, 622.846, 622.846, 622.846, 622.846, 622.846, 622.846, 622.846, 622.846, 622.846, 622.846, 622.846, 622.846, 622.846, 622.846, 622.846, 622.846, 622.846, 622.846, 622.846, 622.846, 622.846, 622.846, 622.846
789.717, 622.846, 622.846, 622.846, 622.846, 726.634, 726.634, 726.634, 726.634, 726.634, 622.846, 892.617, 726.634, 726.634, 789.717, 604.264, 789.717, 622.846, 604.264, 604.264, 726.634, 622.846, 726.634, 622.846, 892.617, 771.432, 604.264, 622.846, 622.846, 726.634, 622.846, 622.846, 622.846, 622.846, 622.846, 622.846, 622.846, 726.634, 726.634, 622.846, 622.846, 901.288, 622.846, 604.264, 622.846, 622.846, 726.634, 622.846, 789.717, 622.846, 622.846, 642.596, 642.596, 642.596, 642.596, 642.596, 642.596, 642.596, 642.596, 642.596, 642.596, 642.596, 642.596, 642.596, 642.596, 642.596, 642.596, 642.596, 642.596, 642.596, 642.596, 642.596, 642.596, 642.596, 642.596, 642.596, 642.596, 642.596, 642.596, 642.596, 642.596, 642.596, 642.596, 642.596, 642.596, 642.596, 642.596, 642.596, 642.596, 642.596, 642.596, 642.596, 642.596, 642.596, 642.596, 642.596, 642.596, 642.596, 642.596, 642.596
892.617, 642.596, 642.596, 642.596, 642.596, 726.634, 622.846, 622.846, 789.717, 622.846, 642.596, 604.264, 726.634, 622.846, 892.617, 622.846, 726.634, 642.596, 622.846, 604.264, 622.846, 642.596, 726.634, 642.596, 622.846, 622.846, 622.846, 642.596, 642.596, 604.264, 642.596, 642.596, 642.596, 642.596, 642.596, 642.596, 642.596, 622.846, 622.846, 642.596, 642.596, 622.846, 642.596, 622.846, 642.596, 642.596, 726.634, 642.596, 771.432, 642.596, 799.621, 799.621, 799.621, 799.621, 799.621, 799.621, 799.621, 799.621, 799.621, 799.621, 799.621, 799.621, 799.621, 799.621, 799.621, 799.621, 799.621, 799.621, 799.621, 799.621, 799.621, 799.621, 799.621, 799.621, 799.621, 799.621, 799.621, 799.621, 799.621, 799.621, 799.621, 799.621, 799.621, 799.621, 799.621, 799.621, 799.621, 799.621, 799.621, 799.621, 799.621, 799.621, 799.621, 799.621, 799.621, 799.621, 799.621, 799.621, 799.621, 799.621
622.846, 642.596, 799.621, 642.596, 799.621, 799.621, 604.264, 622.846, 771.432, 622.846, 726.634, 799.621, 622.846, 799.621, 799.621, 604.264, 642.596, 622.846, 642.596, 799.621, 799.621, 799.621, 642.596, 622.846, 799.621, 799.621, 622.846, 799.621, 726.634, 799.621, 622.846, 642.596, 622.846, 799.621, 642.596, 799.621, 726.634, 799.621, 799.621, 799.621, 799.621, 642.596, 799.621, 799.621, 799.621, 642.596, 642.596, 622.846, 642.596, 799.621, 782.142, 879.415, 879.415, 879.415, 879.415, 879.415, 879.415, 879.415, 879.415, 879.415, 879.415, 879.415, 879.415, 879.415, 879.415, 879.415, 879.415, 879.415, 879.415, 879.415, 879.415, 879.415, 879.415, 879.415, 879.415, 879.415, 879.415, 879.415, 879.415, 879.415, 879.415, 879.415, 879.415, 879.415, 879.415, 879.415, 879.415, 879.415, 879.415, 879.415, 879.415, 879.415, 879.415, 879.415, 879.415, 879.415, 879.415, 879.415, 879.415, 879.415
799.621, 622.846, 879.415, 642.596, 879.415, 879.415, 799.621, 799.621, 642.596, 799.621, 642.596, 879.415, 799.621, 879.415, 879.415, 799.621, 799.621, 642.596, 642.596, 879.415, 879.415, 879.415, 726.634, 799.621, 879.415, 879.415, 622.846, 879.415, 622.846, 879.415, 799.621, 799.621, 604.264, 879.415, 799.621, 879.415, 642.596, 879.415, 879.415, 879.415, 879.415, 726.634, 879.415, 879.415, 879.415, 622.846, 799.621, 622.846, 799.621, 879.415, 726.161, 578.696, 578.696, 578.696, 578.696, 578.696, 578.696, 578.696, 578.696, 578.696, 578.696, 578.696, 578.696, 578.696, 578.696, 578.696, 578.696, 578.696, 578.696, 578.696, 578.696, 578.696, 578.696, 578.696, 578.696, 578.696, 578.696, 578.696, 578.696, 578.696, 578.696, 578.696, 578.696, 578.696, 578.696, 578.696, 578.696, 578.696, 578.696, 578.696, 578.696, 578.696, 578.696, 578.696, 578.696, 578.696, 578.696, 578.696, 578.696, 578.696
879.415, 578.696, 578.696, 578.696, 578.696, 578.696, 578.696, 578.696, 578.696, 799.621, 642.596, 799.621, 578.696, 578.696, 879.415, 578.696, 879.415, 799.621, 578.696, 578.696, 879.415, 578.696, 578.696, 622.846, 726.634, 578.696, 879.415, 578.696, 578.696, 578.696, 578.696, 879.415, 578.696, 799.621, 578.696, 799.621, 578.696, 578.696, 578.696, 578.696, 622.846, 879.415, 642.596, 578.696, 578.696, 879.415, 578.696, 578.696, 578.696, 799.621, 833.177, 508.482, 508.482, 508.482, 508.482, 508.482, 508.482, 508.482, 508.482, 508.482, 508.482, 508.482, 508.482, 508.482, 508.482, 508.482, 508.482, 508.482, 508.482, 508.482, 508.482, 508.482, 508.482, 508.482, 508.482, 508.482, 508.482, 508.482, 508.482, 508.482, 508.482, 508.482, 508.482, 508.482, 508.482, 508.482, 508.482, 508.482, 508.482, 508.482, 508.482, 508.482, 508.482, 508.482, 508.482, 508.482, 508.482, 508.482, 508.482, 508.482
622.846, 508.482, 508.482, 508.482, 508.482, 508.482, 508.482, 508.482, 508.482, 799.621, 578.696, 578.696, 508.482, 508.482, 799.621, 508.482, 879.415, 879.415, 508.482, 508.482, 578.696, 508.482, 508.482, 578.696, 578.696, 508.482, 578.696, 508.482, 508.482, 508.482, 508.482, 578.696, 508.482, 578.696, 508.482, 578.696, 508.482, 508.482, 508.482, 508.482, 578.696, 578.696, 799.621, 508.482, 508.482, 799.621, 508.482, 508.482, 508.482, 879.415, 713.251, 713.251, 713.251, 713.251, 713.251, 713.251, 713.251, 713.251, 713.251, 713.251, 713.251, 713.251, 713.251, 713.251, 713.251, 713.251, 713.251, 713.251, 713.251, 713.251, 713.251, 713.251, 713.251, 713.251, 713.251, 713.251, 713.251, 713.251, 713.251, 713.251, 713.251, 713.251, 713.251, 713.251, 713.251, 713.251, 713.251, 713.251, 713.251, 713.251, 713.251, 713.251, 713.251, 713.251, 713.251, 713.251, 713.251, 713.251, 713.251, 713.251
508.482, 713.251, 578.696, 508.482, 713.251, 799.621, 713.251, 508.482, 508.482, 508.482, 713.251, 713.251, 799.621, 713.251, 508.482, 713.251, 713.251, 508.482, 622.846, 713.251, 713.251, 879.415, 713.251, 508.482, 508.482, 713.251, 713.251, 508.482, 508.482, 508.482, 713.251, 713.251, 713.251, 578.696, 713.251, 713.251, 713.251, 508.482, 713.251, 713.251, 713.251, 508.482, 713.251, 508.482, 713.251, 713.251, 713.251, 508.482, 508.482, 713.251, 1007.55, 899.002, 899.002, 899.002, 899.002, 899.002, 899.002, 899.002, 899.002, 899.002, 899.002, 899.002, 899.002, 899.002, 899.002, 899.002, 899.002, 899.002, 899.002, 899.002, 899.002, 899.002, 899.002, 899.002, 899.002, 899.002, 899.002, 899.002, 899.002, 899.002, 899.002, 899.002, 899.002, 899.002, 899.002, 899.002, 899.002, 899.002, 899.002, 899.002, 899.002, 899.002, 899.002, 899.002, 899.002, 899.002, 899.002, 899.002, 899.002, 899.002
713.251, 899.002, 578.696, 713.251, 899.002, 508.482, 899.002, 713.251, 622.846, 508.482, 899.002, 899.002, 508.482, 1007.55, 508.482, 899.002, 899.002, 713.251, 508.482, 899.002, 899.002, 713.251, 899.002, 799.621, 622.846, 899.002, 899.002, 713.251, 713.251, 622.846, 899.002, 899.002, 899.002, 713.251, 899.002, 899.002, 899.002, 799.621, 899.002, 899.002, 899.002, 713.251, 1007.55, 713.251, 899.002, 899.002, 1007.55, 713.251, 713.251, 899.002, 633.565, 266.009, 266.009, 266.009, 266.009, 266.009, 266.009, 266.009, 266.009, 266.009, 266.009, 266.009, 266.009, 266.009, 266.009, 266.009, 266.009, 266.009, 266.009, 266.009, 266.009, 266.009, 266.009, 266.009, 266.009, 266.009, 266.009, 266.009, 266.009, 266.009, 266.009, 266.009, 266.009, 266.009, 266.009, 266.009, 266.009, 266.009, 266.009, 266.009, 266.009, 266.009, 266.009, 266.009, 266.009, 266.009, 266.009, 266.009, 266.009, 266.009
899.002, 266.009, 799.621, 266.009, 266.009, 899.002, 266.009, 899.002, 266.009, 899.002, 266.009, 266.009, 266.009, 899.002, 633.565, 266.009, 266.009, 899.002, 713.251, 266.009, 266.009, 266.009, 266.009, 713.251, 899.002, 899.002, 899.002, 899.002, 266.009, 266.009, 266.009, 508.482, 633.565, 713.251, 899.002, 266.009, 266.009, 899.002, 899.002, 508.482, 266.009, 508.482, 266.009, 578.696, 266.009, 266.009, 266.009, 899.002, 266.009, 266.009, 703.835, 1084.68, 1084.68, 1084.68, 1084.68, 1084.68, 1084.68, 1084.68, 1084.68, 1084.68, 1084.68, 1084.68, 1084.68, 1084.68, 1084.68, 1084.68, 1084.68, 1084.68, 1084.68, 1084.68, 1084.68, 1084.68, 1084.68, 1084.68, 1084.68, 1084.68, 1084.68, 1084.68, 1084.68, 1084.68, 1084.68, 1084.68, 1084.68, 1084.68, 1084.68, 1084.68, 1084.68, 1084.68, 1084.68, 1084.68, 1084.68, 1084.68, 1084.68, 1084.68, 1084.68, 1084.68, 1084.68, 1084.68, 1084.68, 1084.68
899.002, 1084.68, 266.009, 1084.68, 1084.68, 899.002, 1084.68, 1084.68, 1084.68, 578.696, 1084.68, 266.009, 1084.68, 266.009, 266.009, 1084.68, 1084.68, 1084.68, 1084.68, 1084.68, 1084.68, 1084.68, 1084.68, 1084.68, 899.002, 1084.68, 266.009, 1084.68, 1084.68, 266.009, 1084.68, 1084.68, 266.009, 1084.68, 266.009, 899.002, 1084.68, 266.009, 1084.68, 266.009, 713.251, 266.009, 266.009, 1084.68, 1084.68, 266.009, 1084.68, 266.009, 1084.68, 633.565, 1231.25, 703.835, 703.835, 703.835, 703.835, 703.835, 703.835, 703.835, 703.835, 703.835, 703.835, 703.835, 703.835, 703.835, 703.835, 703.835, 703.835, 703.835, 703.835, 703.835, 703.835, 703.835, 703.835, 703.835, 703.835, 703.835, 703.835, 703.835, 703.835, 703.835, 703.835, 703.835, 703.835, 703.835, 703.835, 703.835, 703.835, 703.835, 703.835, 703.835, 703.835, 703.835, 703.835, 703.835, 703.835, 703.835, 703.835, 703.835, 703.835, 703.835
1084.68, 703.835, 1084.68, 703.835, 703.835, 1084.68, 703.835, 703.835, 703.835, 1084.68, 703.835, 1084.68, 703.835, 1084.68, 1084.68, 703.835, 703.835, 703.835, 703.835, 703.835, 703.835, 703.835, 703.835, 703.835, 1084.68, 703.835, 1084.68, 703.835, 703.835, 266.009, 703.835, 703.835, 1084.68, 703.835, 899.002, 899.002, 703.835, 1084.68, 703.835, 1084.68, 1084.68, 899.002, 1084.68, 703.835, 703.835, 1084.68, 703.835, 1084.68, 703.835, 266.009, 1239.72, 957.373, 957.373, 957.373, 957.373, 957.373, 957.373, 957.373, 957.373, 957.373, 957.373, 957.373, 957.373, 957.373, 957.373, 957.373, 957.373, 957.373, 957.373, 957.373, 957.373, 957.373, 957.373, 957.373, 957.373, 957.373, 957.373, 957.373, 957.373, 957.373, 957.373, 957.373, 957.373, 957.373, 957.373, 957.373, 957.373, 957.373, 957.373, 957.373, 957.373, 957.373, 957.373, 957.373, 957.373, 957.373, 957.373, 957.373, 957.373, 957.373
957.373, 703.835, 957.373, 957.373, 703.835, 703.835, 1084.68, 703.835, 1084.68, 1084.68, 957.373, 703.835, 1084.68, 1084.68, 957.373, 899.002, 703.835, 703.835, 957.373, 957.373, 703.835, 957.373, 957.373, 957.373, 957.373, 957.373, 703.835, 1084.68, 957.373, 957.373, 703.835, 957.373, 703.835, 957.373, 957.373, 957.373, 703.835, 957.373, 703.835, 957.373, 957.373, 957.373, 1084.68, 703.835, 703.835, 957.373, 703.835, 957.373, 1084.68, 957.373, 1154.36, 1239.72, 1239.72, 1239.72, 1239.72, 1239.72, 1239.72, 1239.72, 1239.72, 1239.72, 1239.72, 1239.72, 1239.72, 1239.72, 1239.72, 1239.72, 1239.72, 1239.72, 1239.72, 1239.72, 1239.72, 1239.72, 1239.72, 1239.72, 1239.72, 1239.72, 1239.72, 1239.72, 1239.72, 1239.72, 1239.72, 1239.72, 1239.72, 1239.72, 1239.72, 1239.72, 1239.72, 1239.72, 1239.72, 1239.72, 1239.72, 1239.72, 1239.72, 1239.72, 1239.72, 1239.72, 1239.72, 1239.72, 1239.72, 1239.72
1239.72, 1084.68, 1239.72, 1239.72, 957.373, 703.835, 957.373, 703.835, 957.373, 703.835, 1239.72, 957.373, 1084.68, 703.835, 1239.72, 957.373, 1084.68, 703.835, 1239.72, 1239.72, 1084.68, 1239.72, 1239.72, 1239.72, 1239.72, 1239.72, 1084.68, 957.373, 1239.72, 1239.72, 1084.68, 1239.72, 1084.68, 1239.72, 1239.72, 1239.72, 957.373, 1239.72, 1084.68, 1239.72, 1239.72, 1239.72, 957.373, 957.373, 957.373, 1239.72, 1084.68, 1239.72, 1084.68, 1239.72, 1112.64, 1112.64, 1112.64, 1112.64, 1112.64, 1112.64, 1112.64, 1112.64, 1112.64, 1112.64, 1112.64, 1112.64, 1112.64, 1112.64, 1112.64, 1112.64, 1112.64, 1112.64, 1112.64, 1112.64, 1112.64, 1112.64, 1112.64, 1112.64, 1112.64, 1112.64, 1112.64, 1112.64, 1112.64, 1112.64, 1112.64, 1112.64, 1112.64, 1112.64, 1112.64, 1112.64, 1112.64, 1112.64, 1112.64, 1112.64, 1112.64, 1112.64, 1112.64, 1112.64, 1112.64, 1112.64, 1112.64, 1112.64, 1112.64, 1112.64
1239.72, 703.835, 1112.64, 1239.72, 1112.64, 703.835, 1112.64, 1112.64, 1239.72, 1239.72, 957.373, 1112.64, 1239.72, 1239.72, 957.373, 1112.64, 957.373, 1084.68, 1112.64, 1112.64, 1112.64, 1239.72, 1112.64, 1084.68, 1239.72, 1112.64, 1239.72, 1239.72, 1239.72, 1112.64, 1239.72, 1112.64, 957.373, 1239.72, 1239.72, 1239.72, 1112.64, 1112.64, 703.835, 1112.64, 1239.72, 1239.72, 1112.64, 1239.72, 1084.68, 957.373, 1112.64, 1112.64, 1239.72, 1239.72, 956.631, 1112.64, 1112.64, 1112.64, 1112.64, 1112.64, 1112.64, 1112.64, 1112.64, 1112.64, 1112.64, 1112.64, 1112.64, 1112.64, 1112.64, 1112.64, 1112.64, 1112.64, 1112.64, 1112.64, 1112.64, 1112.64, 1112.64, 1112.64, 1112.64, 1112.64, 1112.64, 1112.64, 1112.64, 1112.64, 1112.64, 1112.64, 1112.64, 1112.64, 1112.64, 1112.64, 1112.64, 1112.64, 1112.64, 1112.64, 1112.64, 1112.64, 1112.64, 1112.64, 1112.64, 1112.64, 1112.64, 1112.64, 1112.64, 1112.64
957.373, 1239.72, 1112.64, 1112.64, 1112.64, 1084.68, 1112.64, 1112.64, 1239.72, 1239.72, 1112.64, 1112.64, 1112.64, 1239.72, 1112.64, 1112.64, 1239.72, 1239.72, 1112.64, 1112.64, 1112.64, 1112.64, 1112.64, 1239.72, 1239.72, 1112.64, 1239.72, 1239.72, 1112.64, 1112.64, 1112.64, 1112.64, 1112.64, 1239.72, 1112.64, 1239.72, 1112.64, 1112.64, 703.835, 1112.64, 957.373, 1239.72, 1112.64, 1239.72, 1239.72, 1112.64, 1112.64, 1112.64, 1112.64, 957.373, 1309.16, 1211.41, 1211.41, 1211.41, 1211.41, 1211.41, 1211.41, 1211.41, 1211.41, 1211.41, 1211.41, 1211.41, 1211.41, 1211.41, 1211.41, 1211.41, 1211.41, 1211.41, 1211.41, 1211.41, 1211.41, 1211.41, 1211.41, 1211.41, 1211.41, 1211.41, 1211.41, 1211.41, 1211.41, 1211.41, 1211.41, 1211.41, 1211.41, 1211.41, 1211.41, 1211.41, 1211.41, 1211.41, 1211.41, 1211.41, 1211.41, 1211.41, 1211.41, 1211.41, 1211.41, 1211.41, 1211.41, 1211.41, 1211.41, 1211.41
1239.72, 957.373, 1211.41, 1239.72, 1211.41, 1211.41, 1112.64, 1211.41, 1211.41, 1112.64, 1211.41, 1112.64, 1239.72, 1211.41, 1112.64, 1112.64, 1211.41, 1211.41, 1211.41, 1112.64, 1211.41, 1112.64, 1211.41, 1112.64, 1211.41, 1211.41, 1211.41, 1211.41, 1112.64, 1211.41, 1211.41, 1211.41, 1211.41, 1211.41, 1211.41, 1309.16, 1211.41, 957.373, 1112.64, 1211.41, 1211.41, 1211.41, 1211.41, 1211.41, 1112.64, 1112.64, 1211.41, 1211.41, 1211.41, 1211.41, 1350.06, 1350.06, 1350.06, 1350.06, 1350.06, 1350.06, 1350.06, 1350.06, 1350.06, 1350.06, 1350.06, 1350.06, 1350.06, 1350.06, 1350.06, 1350.06, 1350.06, 1350.06, 1350.06, 1350.06, 1350.06, 1350.06, 1350.06, 1350.06, 1350.06, 1350.06, 1350.06, 1350.06, 1350.06, 1350.06, 1350.06, 1350.06, 1350.06, 1350.06, 1350.06, 1350.06, 1350.06, 1350.06, 1350.06, 1350.06, 1350.06, 1350.06, 1350.06, 1350.06, 1350.06, 1350.06, 1350.06, 1350.06, 1350.06, 1350.06
1211.41, 1211.41, 1350.06, 1211.41, 1350.06, 1350.06, 1211.41, 1350.06, 1350.06, 1112.64, 1350.06, 1112.64, 1211.41, 1350.06, 1211.41, 1211.41, 1350.06, 1350.06, 1350.06, 1211.41, 1350.06, 1211.41, 1350.06, 1112.64, 1350.06, 1350.06, 1350.06, 1350.06, 1211.41, 1350.06, 1350.06, 1350.06, 1350.06, 1350.06, 1350.06, 1350.06, 1350.06, 1211.41, 1211.41, 1350.06, 1350.06, 1350.06, 1350.06, 1350.06, 1211.41, 1112.64, 1350.06, 1350.06, 1350.06, 1350.06, 1350.81, 1281.47, 1281.47, 1281.47, 1281.47, 1281.47, 1281.47, 1281.47, 1281.47, 1281.47, 1281.47, 1281.47, 1281.47, 1281.47, 1281.47, 1281.47, 1281.47, 1281.47, 1281.47, 1281.47, 1281.47, 1281.47, 1281.47, 1281.47, 1281.47, 1281.47, 1281.47, 1281.47, 1281.47, 1281.47, 1281.47, 1281.47, 1281.47, 1281.47, 1281.47, 1281.47, 1281.47, 1281.47, 1281.47, 1281.47, 1281.47, 1281.47, 1281.47, 1281.47, 1281.47, 1281.47, 1281.47, 1281.47, 1281.47, 1281.47
1281.47, 1281.47, 1350.06, 1112.64, 1350.06, 1281.47, 1281.47, 1350.06, 1211.41, 1281.47, 1350.06, 1281.47, 1350.06, 1350.06, 1350.06, 1350.06, 1281.47, 1211.41, 1211.41, 1350.06, 1350.06, 1350.06, 1350.06, 1281.47, 1350.06, 1281.47, 1281.47, 1281.47, 1281.47, 1281.47, 1350.06, 1350.06, 1350.06, 1350.06, 1350.06, 1281.47, 1281.47, 1281.47, 1281.47, 1350.06, 1281.47, 1350.06, 1211.41, 1281.47, 1211.41, 1211.41, 1350.06, 1350.06, 1350.06, 1281.47, 1281.47, 1415.44, 1415.44, 1415.44, 1415.44, 1415.44, 1415.44, 1415.44, 1415.44, 1415.44, 1415.44, 1415.44, 1415.44, 1415.44, 1415.44, 1415.44, 1415.44, 1415.44, 1415.44, 1415.44, 1415.44, 1415.44, 1415.44, 1415.44, 1415.44, 1415.44, 1415.44, 1415.44, 1415.44, 1415.44, 1415.44, 1415.44, 1415.44, 1415.44, 1415.44, 1415.44, 1415.44, 1415.44, 1415.44, 1415.44, 1415.44, 1415.44, 1415.44, 1415.44, 1415.44, 1415.44, 1415.44, 1415.44, 1415.44, 1415.44
1415.44, 1415.44, 1350.06, 1211.41, 1281.47, 1415.44, 1415.44, 1281.47, 1281.47, 1415.44, 1281.47, 1415.44, 1350.06, 1350.06, 1350.06, 1350.06, 1415.44, 1281.47, 1350.06, 1350.06, 1350.06, 1281.47, 1281.47, 1415.44, 1350.06, 1415.44, 1415.44, 1415.44, 1415.44, 1415.44, 1281.47, 1350.06, 1281.47, 1350.06, 1350.06, 1415.44, 1415.44, 1415.44, 1415.44, 1211.41, 1415.44, 1350.06, 1350.06, 1415.44, 1211.41, 1281.47, 1350.06, 1281.47, 1350.06, 1415.44, 1110.94, 1235.27, 1235.27, 1235.27, 1235.27, 1235.27, 1235.27, 1235.27, 1235.27, 1235.27, 1235.27, 1235.27, 1235.27, 1235.27, 1235.27, 1235.27, 1235.27, 1235.27, 1235.27, 1235.27, 1235.27, 1235.27, 1235.27, 1235.27, 1235.27, 1235.27, 1235.27, 1235.27, 1235.27, 1235.27, 1235.27, 1235.27, 1235.27, 1235.27, 1235.27, 1235.27, 1235.27, 1235.27, 1235.27, 1235.27, 1235.27, 1235.27, 1235.27, 1235.27, 1235.27, 1235.27, 1235.27, 1235.27, 1235.27, 1235.27
1415.44, 1235.27, 1235.27, 1281.47, 1415.44, 1350.06, 1350.06, 1281.47, 1235.27, 1235.27, 1235.27, 1235.27, 1281.47, 1281.47, 1350.06, 1110.94, 1235.27, 1211.41, 1281.47, 1235.27, 1281.47, 1235.27, 1281.47, 1235.27, 1281.47, 1235.27, 1235.27, 1415.44, 1235.27, 1350.06, 1415.44, 1281.47, 1281.47, 1235.27, 1415.44, 1350.06, 1350.06, 1350.06, 1415.44, 1235.27, 1235.27, 1281.47, 1235.27, 1281.47, 1415.44, 1281.47, 1235.27, 1415.44, 1235.27, 1235.27, 1110.94, 1110.94, 1110.94, 1110.94, 1110.94, 1110.94, 1110.94, 1110.94, 1110.94, 1110.94, 1110.94, 1110.94, 1110.94, 1110.94, 1110.94, 1110.94, 1110.94, 1110.94, 1110.94, 1110.94, 1110.94, 1110.94, 1110.94, 1110.94, 1110.94, 1110.94, 1110.94, 1110.94, 1110.94, 1110.94, 1110.94, 1110.94, 1110.94, 1110.94, 1110.94, 1110.94, 1110.94, 1110.94, 1110.94, 1110.94, 1110.94, 1110.94, 1110.94, 1110.94, 1110.94, 1110.94, 1110.94, 1110.94, 1110.94, 1110.94
1235.27, 1110.94, 1110.94, 1281.47, 1235.27, 1235.27, 1281.47, 1281.47, 1110.94, 1110.94, 1110.94, 1110.94, 1415.44, 1281.47, 1235.27, 1110.94, 1110.94, 1281.47, 1235.27, 1110.94, 1415.44, 1110.94, 1281.47, 1110.94, 1415.44, 1110.94, 1110.94, 1415.44, 1110.94, 1415.44, 1350.06, 1281.47, 1281.47, 1110.94, 1350.06, 1281.47, 1235.27, 1281.47, 1235.27, 1110.94, 1110.94, 1415.44, 1110.94, 1235.27, 1235.27, 1281.47, 1110.94, 1235.27, 1110.94, 1110.94, 1175.09, 1201.25, 1201.25, 1201.25, 1201.25, 1201.25, 1201.25, 1201.25, 1201.25, 1201.25, 1201.25, 1201.25, 1201.25, 1201.25, 1201.25, 1201.25, 1201.25, 1201.25, 1201.25, 1201.25, 1201.25, 1201.25, 1201.25, 1201.25, 1201.25, 1201.25, 1201.25, 1201.25, 1201.25, 1201.25, 1201.25, 1201.25, 1201.25, 1201.25, 1201.25, 1201.25, 1201.25, 1201.25, 1201.25, 1201.25, 1201.25, 1201.25, 1201.25, 1201.25, 1201.25, 1201.25, 1201.25, 1201.25, 1201.25, 1201.25
1201.25, 1201.25, 1281.47, 1281.47, 1201.25, 1281.47, 1110.94, 1110.94, 1110.94, 1201.25, 1281.47, 1201.25, 1235.27, 1110.94, 1110.94, 1201.25, 1201.25, 1281.47, 1201.25, 1281.47, 1110.94, 1201.25, 1110.94, 1201.25, 1201.25, 1201.25, 1201.25, 1350.06, 1281.47, 1110.94, 1201.25, 1201.25, 1175.09, 1201.25, 1201.25, 1201.25, 1281.47, 1201.25, 1201.25, 1110.94, 1110.94, 1281.47, 1201.25, 1201.25, 1235.27, 1281.47, 1201.25, 1110.94, 1201.25, 1235.27, 1094.65, 1201.25, 1201.25, 1201.25, 1201.25, 1201.25, 1201.25, 1201.25, 1201.25, 1201.25, 1201.25, 1201.25, 1201.25, 1201.25, 1201.25, 1201.25, 1201.25, 1201.25, 1201.25, 1201.25, 1201.25, 1201.25, 1201.25, 1201.25, 1201.25, 1201.25, 1201.25, 1201.25, 1201.25, 1201.25, 1201.25, 1201.25, 1201.25, 1201.25, 1201.25, 1201.25, 1201.25, 1201.25, 1201.25, 1201.25, 1201.25, 1201.25, 1201.25, 1201.25, 1201.25, 1201.25, 1201.25, 1201.25, 1201.25, 1201.25
1201.25, 1201.25, 1175.09, 1175.09, 1201.25, 1281.47, 1201.25, 1281.47, 1201.25, 1201.25, 1110.94, 1201.25, 1281.47, 1201.25, 1235.27, 1201.25, 1201.25, 1281.47, 1201.25, 1201.25, 1201.25, 1201.25, 1201.25, 1201.25, 1201.25, 1201.25, 1201.25, 1201.25, 1281.47, 1201.25, 1201.25, 1201.25, 1094.65, 1201.25, 1201.25, 1201.25, 1281.47, 1201.25, 1201.25, 1201.25, 1201.25, 1110.94, 1201.25, 1201.25, 1281.47, 1201.25, 1201.25, 1201.25, 1201.25, 1201.25, 1349.67, 1349.67, 1349.67, 1349.67, 1349.67, 1349.67, 1349.67, 1349.67, 1349.67, 1349.67, 1349.67, 1349.67, 1349.67, 1349.67, 1349.67, 1349.67, 1349.67, 1349.67, 1349.67, 1349.67, 1349.67, 1349.67, 1349.67, 1349.67, 1349.67, 1349.67, 1349.67, 1349.67, 1349.67, 1349.67, 1349.67, 1349.67, 1349.67, 1349.67, 1349.67, 1349.67, 1349.67, 1349.67, 1349.67, 1349.67, 1349.67, 1349.67, 1349.67, 1349.67, 1349.67, 1349.67, 1349.67, 1349.67, 1349.67, 1349.67
1281.47, 1201.25, 1201.25, 1349.67, 1349.67, 1349.67, 1201.25, 1349.67, 1094.65, 1349.67, 1349.67, 1201.25, 1281.47, 1349.67, 1349.67, 1349.67, 1281.47, 1281.47, 1349.67, 1349.67, 1201.25, 1201.25, 1201.25, 1349.67, 1201.25, 1201.25, 1349.67, 1281.47, 1349.67, 1201.25, 1281.47, 1201.25, 1201.25, 1349.67, 1349.67, 1201.25, 1349.67, 1349.67, 1349.67, 1349.67, 1349.67, 1201.25, 1201.25, 1349.67, 1349.67, 1201.25, 1201.25, 1281.47, 1349.67, 1349.67, 1286.62, 1286.62, 1286.62, 1286.62, 1286.62, 1286.62, 1286.62, 1286.62, 1286.62, 1286.62, 1286.62, 1286.62, 1286.62, 1286.62, 1286.62, 1286.62, 1286.62, 1286.62, 1286.62, 1286.62, 1286.62, 1286.62, 1286.62, 1286.62, 1286.62, 1286.62, 1286.62, 1286.62, 1286.62, 1286.62, 1286.62, 1286.62, 1286.62, 1286.62, 1286.62, 1286.62, 1286.62, 1286.62, 1286.62, 1286.62, 1286.62, 1286.62, 1286.62, 1286.62, 1286.62, 1286.62, 1286.62, 1286.62, 1286.62, 1286.62
1286.62, 1286.62, 1349.67, 1286.62, 1349.67, 1286.62, 1349.67, 1349.67, 1201.25, 1286.62, 1286.62, 1286.62, 1349.67, 1286.62, 1286.62, 1201.25, 1201.25, 1286.62, 1286.62, 1349.67, 1349.67, 1349.67, 1286.62, 1286.62, 1286.62, 1349.67, 1349.67, 1201.25, 1201.25, 1286.62, 1201.25, 1349.67, 1349.67, 1349.67, 1286.62, 1094.65, 1349.67, 1286.62, 1286.62, 1201.25, 1349.67, 1349.67, 1286.62, 1286.62, 1286.62, 1281.47, 1349.67, 1349.67, 1286.62, 1286.62, 1417.05, 1417.05, 1417.05, 1417.05, 1417.05, 1417.05, 1417.05, 1417.05, 1417.05, 1417.05, 1417.05, 1417.05, 1417.05, 1417.05, 1417.05, 1417.05, 1417.05, 1417.05, 1417.05, 1417.05, 1417.05, 1417.05, 1417.05, 1417.05, 1417.05, 1417.05, 1417.05, 1417.05, 1417.05, 1417.05, 1417.05, 1417.05, 1417.05, 1417.05, 1417.05, 1417.05, 1417.05, 1417.05, 1417.05, 1417.05, 1417.05, 1417.05, 1417.05, 1417.05, 1417.05, 1417.05, 1417.05, 1417.05, 1417.05, 1417.05
1417.05, 1417.05, 1286.62, 1417.05, 1286.62, 1417.05, 1349.67, 1286.62, 1286.62, 1417.05, 1417.05, 1417.05, 1349.67, 1417.05, 1417.05, 1286.62, 1286.62, 1417.05, 1417.05, 1349.67, 1201.25, 1349.67, 1417.05, 1417.05, 1417.05, 1286.62, 1349.67, 1349.67, 1349.67, 1417.05, 1349.67, 1286.62, 1286.62, 1286.62, 1417.05, 1201.25, 1286.62, 1417.05, 1417.05, 1094.65, 1286.62, 1286.62, 1417.05, 1417.05, 1417.05, 1286.62, 1349.67, 1286.62, 1417.05, 1417.05, 1365.16, 1219.34, 1219.34, 1219.34, 1219.34, 1219.34, 1219.34, 1219.34, 1219.34, 1219.34, 1219.34, 1219.34, 1219.34, 1219.34, 1219.34, 1219.34, 1219.34, 1219.34, 1219.34, 1219.34, 1219.34, 1219.34, 1219.34, 1219.34, 1219.34, 1219.34, 1219.34, 1219.34, 1219.34, 1219.34, 1219.34, 1219.34, 1219.34, 1219.34, 1219.34, 1219.34, 1219.34, 1219.34, 1219.34, 1219.34, 1219.34, 1219.34, 1219.34, 1219.34, 1219.34, 1219.34, 1219.34, 1219.34, 1219.34, 1219.34
1219.34, 1219.34, 1417.05, 1219.34, 1417.05, 1219.34, 1417.05, 1219.34, 1417.05, 1219.34, 1219.34, 1349.67, 1219.34, 1417.05, 1286.62, 1417.05, 1417.05, 1219.34, 1219.34, 1349.67, 1219.34, 1219.34, 1286.62, 1219.34, 1417.05, 1417.05, 1286.62, 1219.34, 1417.05, 1349.67, 1219.34, 1219.34, 1219.34, 1349.67, 1219.34, 1219.34, 1219.34, 1417.05, 1219.34, 1219.34, 1219.34, 1417.05, 1219.34, 1219.34, 1417.05, 1219.34, 1417.05, 1219.34, 1349.67, 1349.67, 1142.08, 1142.08, 1142.08, 1142.08, 1142.08, 1142.08, 1142.08, 1142.08, 1142.08, 1142.08, 1142.08, 1142.08, 1142.08, 1142.08, 1142.08, 1142.08, 1142.08, 1142.08, 1142.08, 1142.08, 1142.08, 1142.08, 1142.08, 1142.08, 1142.08, 1142.08, 1142.08, 1142.08, 1142.08, 1142.08, 1142.08, 1142.08, 1142.08, 1142.08, 1142.08, 1142.08, 1142.08, 1142.08, 1142.08, 1142.08, 1142.08, 1142.08, 1142.08, 1142.08, 1142.08, 1142.08, 1142.08, 1142.08, 1142.08, 1142.08
1142.08, 1142.08, 1417.05, 1142.08, 1219.34, 1142.08, 1349.67, 1142.08, 1219.34, 1142.08, 1142.08, 1219.34, 1142.08, 1349.67, 1349.67, 1417.05, 1219.34, 1142.08, 1142.08, 1286.62, 1142.08, 1142.08, 1219.34, 1142.08, 1417.05, 1349.67, 1219.34, 1142.08, 1219.34, 1417.05, 1142.08, 1142.08, 1142.08, 1219.34, 1142.08, 1142.08, 1142.08, 1219.34, 1142.08, 1142.08, 1142.08, 1219.34, 1142.08, 1142.08, 1417.05, 1142.08, 1219.34, 1142.08, 1219.34, 1219.34, 1308.66, 1240.53, 1240.53, 1240.53, 1240.53, 1240.53, 1240.53, 1240.53, 1240.53, 1240.53, 1240.53, 1240.53, 1240.53, 1240.53, 1240.53, 1240.53, 1240.53, 1240.53, 1240.53, 1240.53, 1240.53, 1240.53, 1240.53, 1240.53, 1240.53, 1240.53, 1240.53, 1240.53, 1240.53, 1240.53, 1240.53, 1240.53, 1240.53, 1240.53, 1240.53, 1240.53, 1240.53, 1240.53, 1240.53, 1240.53, 1240.53, 1240.53, 1240.53, 1240.53, 1240.53, 1240.53, 1240.53, 1240.53, 1240.53, 1240.53
1417.05, 1240.53, 1240.53, 1240.53, 1240.53, 1240.53, 1240.53, 1240.53, 1240.53, 1142.08, 1240.53, 1142.08, 1240.53, 1142.08, 1240.53, 1240.53, 1240.53, 1219.34, 1240.53, 1142.08, 1142.08, 1142.08, 1240.53, 1142.08, 1240.53, 1142.08, 1240.53, 1240.53, 1240.53, 1308.66, 1240.53, 1240.53, 1142.08, 1286.62, 1142.08, 1142.08, 1142.08, 1142.08, 1219.34, 1240.53, 1286.62, 1142.08, 1142.08, 1142.08, 1240.53, 1240.53, 1240.53, 1240.53, 1219.34, 1240.53, 1240.53, 1240.53, 1240.53, 1240.53, 1240.53, 1240.53, 1240.53, 1240.53, 1240.53, 1240.53, 1240.53, 1240.53, 1240.53, 1240.53, 1240.53, 1240.53, 1240.53, 1240.53, 1240.53, 1240.53, 1240.53, 1240.53, 1240.53, 1240.53, 1240.53, 1240.53, 1240.53, 1240.53, 1240.53, 1240.53, 1240.53, 1240.53, 1240.53, 1240.53, 1240.53, 1240.53, 1240.53, 1240.53, 1240.53, 1240.53, 1240.53, 1240.53, 1240.53, 1240.53, 1240.53, 1240.53, 1240.53, 1240.53, 1240.53, 1240.53
1240.53, 1240.53, 1240.53, 1240.53, 1240.53, 1240.53, 1240.53, 1240.53, 1240.53, 1219.34, 1240.53, 1219.34, 1240.53, 1240.53, 1240.53, 1240.53, 1240.53, 1240.53, 1240.53, 1240.53, 1240.53, 1240.53, 1240.53, 1219.34, 1240.53, 1240.53, 1240.53, 1240.53, 1240.53, 1240.53, 1240.53, 1240.53, 1240.53, 1142.08, 1240.53, 1142.08, 1219.34, 1142.08, 1142.08, 1240.53, 1142.08, 1142.08, 1240.53, 1240.53, 1240.53, 1240.53, 1240.53, 1240.53, 1240.53, 1240.53, 1227.42, 1121.42, 1121.42, 1121.42, 1121.42, 1121.42, 1121.42, 1121.42, 1121.42, 1121.42, 1121.42, 1121.42, 1121.42, 1121.42, 1121.42, 1121.42, 1121.42, 1121.42, 1121.42, 1121.42, 1121.42, 1121.42, 1121.42, 1121.42, 1121.42, 1121.42, 1121.42, 1121.42, 1121.42, 1121.42, 1121.42, 1121.42, 1121.42, 1121.42, 1121.42, 1121.42, 1121.42, 1121.42, 1121.42, 1121.42, 1121.42, 1121.42, 1121.42, 1121.42, 1121.42, 1121.42, 1121.42, 1121.42, 1121.42, 1121.42
1121.42, 1142.08, 1240.53, 1240.53, 1121.42, 1121.42, 1219.34, 1240.53, 1240.53, 1240.53, 1240.53, 1240.53, 1121.42, 1240.53, 1121.42, 1240.53, 1142.08, 1240.53, 1240.53, 1219.34, 1121.42, 1240.53, 1219.34, 1240.53, 1240.53, 1121.42, 1121.42, 1219.34, 1121.42, 1240.53, 1142.08, 1240.53, 1121.42, 1240.53, 1240.53, 1121.42, 1240.53, 1121.42, 1121.42, 1219.34, 1142.08, 1240.53, 1240.53, 1240.53, 1121.42, 1121.42, 1121.42, 1121.42, 1121.42, 1121.42, 1227.42, 1099.63, 1099.63, 1099.63, 1099.63, 1099.63, 1099.63, 1099.63, 1099.63, 1099.63, 1099.63, 1099.63, 1099.63, 1099.63, 1099.63, 1099.63, 1099.63, 1099.63, 1099.63, 1099.63, 1099.63, 1099.63, 1099.63, 1099.63, 1099.63, 1099.63, 1099.63, 1099.63, 1099.63, 1099.63, 1099.63, 1099.63, 1099.63, 1099.63, 1099.63, 1099.63, 1099.63, 1099.63, 1099.63, 1099.63, 1099.63, 1099.63, 1099.63, 1099.63, 1099.63, 1099.63, 1099.63, 1099.63, 1099.63, 1099.63
1099.63, 1240.53, 1240.53, 1121.42, 1099.63, 1099.63, 1240.53, 1240.53, 1240.53, 1121.42, 1219.34, 1240.53, 1099.63, 1240.53, 1099.63, 1121.42, 1121.42, 1219.34, 1121.42, 1240.53, 1099.63, 1121.42, 1240.53, 1121.42, 1240.53, 1099.63, 1099.63, 1240.53, 1099.63, 1240.53, 1240.53, 1240.53, 1099.63, 1121.42, 1121.42, 1099.63, 1142.08, 1099.63, 1099.63, 1240.53, 1142.08, 1219.34, 1240.53, 1240.53, 1099.63, 1099.63, 1099.63, 1099.63, 1099.63, 1099.63, 1275.92, 1158.75, 1158.75, 1158.75, 1158.75, 1158.75, 1158.75, 1158.75, 1158.75, 1158.75, 1158.75, 1158.75, 1158.75, 1158.75, 1158.75, 1158.75, 1158.75, 1158.75, 1158.75, 1158.75, 1158.75, 1158.75, 1158.75, 1158.75, 1158.75, 1158.75, 1158.75, 1158.75, 1158.75, 1158.75, 1158.75, 1158.75, 1158.75, 1158.75, 1158.75, 1158.75, 1158.75, 1158.75, 1158.75, 1158.75, 1158.75, 1158.75, 1158.75, 1158.75, 1158.75, 1158.75, 1158.75, 1158.75, 1158.75, 1158.75
1158.75, 1099.63, 1158.75, 1158.75, 1219.34, 1240.53, 1158.75, 1240.53, 1099.63, 1158.75, 1158.75, 1099.63, 1121.42, 1158.75, 1158.75, 1158.75, 1219.34, 1121.42, 1158.75, 1158.75, 1240.53, 1099.63, 1099.63, 1240.53, 1158.75, 1158.75, 1099.63, 1158.75, 1158.75, 1240.53, 1099.63, 1121.42, 1158.75, 1158.75, 1158.75, 1158.75, 1158.75, 1158.75, 1142.08, 1099.63, 1121.42, 1158.75, 1158.75, 1121.42, 1158.75, 1158.75, 1219.34, 1240.53, 1158.75, 1099.63, 1275.92, 1210.5, 1210.5, 1210.5, 1210.5, 1210.5, 1210.5, 1210.5, 1210.5, 1210.5, 1210.5, 1210.5, 1210.5, 1210.5, 1210.5, 1210.5, 1210.5, 1210.5, 1210.5, 1210.5, 1210.5, 1210.5, 1210.5, 1210.5, 1210.5, 1210.5, 1210.5, 1210.5, 1210.5, 1210.5, 1210.5, 1210.5, 1210.5, 1210.5, 1210.5, 1210.5, 1210.5, 1210.5, 1210.5, 1210.5, 1210.5, 1210.5, 1210.5, 1210.5, 1210.5, 1210.5, 1210.5, 1210.5, 1210.5, 1210.5
1210.5, 1121.42, 1210.5, 1210.5, 1158.75, 1099.63, 1210.5, 1158.75, 1142.08, 1210.5, 1210.5, 1158.75, 1219.34, 1210.5, 1210.5, 1210.5, 1158.75, 1158.75, 1210.5, 1210.5, 1158.75, 1121.42, 1099.63, 1158.75, 1210.5, 1210.5, 1158.75, 1210.5, 1210.5, 1240.53, 1158.75, 1158.75, 1210.5, 1210.5, 1210.5, 1210.5, 1210.5, 1210.5, 1158.75, 1240.53, 1099.63, 1210.5, 1210.5, 1158.75, 1210.5, 1210.5, 1158.75, 1121.42, 1210.5, 1240.53, 993.474, 987.202, 987.202, 987.202, 987.202, 987.202, 987.202, 987.202, 987.202, 987.202, 987.202, 987.202, 987.202, 987.202, 987.202, 987.202, 987.202, 987.202, 987.202, 987.202, 987.202, 987.202, 987.202, 987.202, 987.202, 987.202, 987.202, 987.202, 987.202, 987.202, 987.202, 987.202, 987.202, 987.202, 987.202, 987.202, 987.202, 987.202, 987.202, 987.202, 987.202, 987.202, 987.202, 987.202, 987.202, 987.202, 987.202, 987.202, 987.202, 987.202
1210.5, 1121.42, 1158.75, 1210.5, 1099.63, 987.202, 1158.75, 987.202, 987.202, 1142.08, 987.202, 1158.75, 1210.5, 987.202, 1240.53, 1210.5, 987.202, 1210.5, 1210.5, 987.202, 987.202, 987.202, 987.202, 1210.5, 987.202, 987.202, 987.202, 1099.63, 987.202, 1121.42, 1121.42, 993.474, 1210.5, 987.202, 1099.63, 987.202, 1158.75, 1099.63, 987.202, 987.202, 1210.5, 987.202, 1210.5, 1240.53, 987.202, 987.202, 1121.42, 987.202, 987.202, 987.202, 699.93, 910.419, 910.419, 910.419, 910.419, 910.419, 910.419, 910.419, 910.419, 910.419, 910.419, 910.419, 910.419, 910.419, 910.419, 910.419, 910.419, 910.419, 910.419, 910.419, 910.419, 910.419, 910.419, 910.419, 910.419, 910.419, 910.419, 910.419, 910.419, 910.419, 910.419, 910.419, 910.419, 910.419, 910.419, 910.419, 910.419, 910.419, 910.419, 910.419, 910.419, 910.419, 910.419, 910.419, 910.419, 910.419, 910.419, 910.419, 910.419, 910.419
1158.75, 1121.42, 1210.5, 987.202, 1210.5, 910.419, 987.202, 910.419, 910.419, 987.202, 910.419, 1240.53, 987.202, 910.419, 1121.42, 987.202, 910.419, 987.202, 987.202, 910.419, 910.419, 910.419, 910.419, 1210.5, 910.419, 910.419, 910.419, 987.202, 910.419, 1121.42, 987.202, 699.93, 1158.75, 910.419, 987.202, 910.419, 987.202, 1210.5, 910.419, 910.419, 1210.5, 910.419, 1142.08, 1121.42, 910.419, 910.419, 1121.42, 910.419, 910.419, 910.419, 715.162, 715.162, 715.162, 715.162, 715.162, 715.162, 715.162, 715.162, 715.162, 715.162, 715.162, 715.162, 715.162, 715.162, 715.162, 715.162, 715.162, 715.162, 715.162, 715.162, 715.162, 715.162, 715.162, 715.162, 715.162, 715.162, 715.162, 715.162, 715.162, 715.162, 715.162, 715.162, 715.162, 715.162, 715.162, 715.162, 715.162, 715.162, 715.162, 715.162, 715.162, 715.162, 715.162, 715.162, 715.162, 715.162, 715.162, 715.162, 715.162, 715.162
910.419, 910.419, 715.162, 715.162, 715.162, 987.202, 1240.53, 910.419, 715.162, 1121.42, 987.202, 715.162, 715.162, 910.419, 715.162, 715.162, 910.419, 1158.75, 910.419, 715.162, 715.162, 715.162, 1121.42, 1240.53, 715.162, 715.162, 910.419, 715.162, 715.162, 715.162, 715.162, 910.419, 715.162, 715.162, 715.162, 715.162, 1210.5, 1121.42, 987.202, 715.162, 1121.42, 910.419, 910.419, 910.419, 1210.5, 715.162, 1142.08, 715.162, 715.162, 1121.42, 985.632, 394.848, 394.848, 394.848, 394.848, 394.848, 394.848, 394.848, 394.848, 394.848, 394.848, 394.848, 394.848, 394.848, 394.848, 394.848, 394.848, 394.848, 394.848, 394.848, 394.848, 394.848, 394.848, 394.848, 394.848, 394.848, 394.848, 394.848, 394.848, 394.848, 394.848, 394.848, 394.848, 394.848, 394.848, 394.848, 394.848, 394.848, 394.848, 394.848, 394.848, 394.848, 394.848, 394.848, 394.848, 394.848, 394.848, 394.848, 394.848, 394.848
987.202, 987.202, 394.848, 394.848, 394.848, 715.162, 715.162, 715.162, 394.848, 910.419, 715.162, 394.848, 394.848, 715.162, 394.848, 394.848, 910.419, 715.162, 715.162, 394.848, 394.848, 394.848, 910.419, 715.162, 394.848, 394.848, 910.419, 394.848, 394.848, 394.848, 394.848, 715.162, 394.848, 394.848, 394.848, 394.848, 1240.53, 715.162, 715.162, 394.848, 1142.08, 1121.42, 715.162, 715.162, 1240.53, 394.848, 910.419, 394.848, 394.848, 1142.08, 1359.49, 1359.17, 1359.17, 1359.17, 1359.17, 1359.17, 1359.17, 1359.17, 1359.17, 1359.17, 1359.17, 1359.17, 1359.17, 1359.17, 1359.17, 1359.17, 1359.17, 1359.17, 1359.17, 1359.17, 1359.17, 1359.17, 1359.17, 1359.17, 1359.17, 1359.17, 1359.17, 1359.17, 1359.17, 1359.17, 1359.17, 1359.17, 1359.17, 1359.17, 1359.17, 1359.17, 1359.17, 1359.17, 1359.17, 1359.17, 1359.17, 1359.17, 1359.17, 1359.17, 1359.17, 1359.17, 1359.17, 1359.17, 1359.17, 1359.17
1359.17, 1359.17, 1359.17, 394.848, 715.162, 1359.17, 1359.17, 715.162, 394.848, 1240.53, 715.162, 1359.17, 394.848, 1359.17, 1359.17, 394.848, 394.848, 1142.08, 1142.08, 1359.17, 394.848, 715.162, 715.162, 1359.17, 715.162, 1359.17, 1359.17, 1240.53, 1359.17, 1359.17, 1359.17, 1359.17, 394.848, 394.848, 394.848, 1359.17, 715.162, 394.848, 715.162, 1359.17, 715.162, 394.848, 1359.17, 394.848, 1359.17, 715.162, 1359.17, 394.848, 1359.17, 1359.17, 1021.62, 1503.67, 1503.67, 1503.67, 1503.67, 1503.67, 1503.67, 1503.67, 1503.67, 1503.67, 1503.67, 1503.67, 1503.67, 1503.67, 1503.67, 1503.67, 1503.67, 1503.67, 1503.67, 1503.67, 1503.67, 1503.67, 1503.67, 1503.67, 1503.67, 1503.67, 1503.67, 1503.67, 1503.67, 1503.67, 1503.67, 1503.67, 1503.67, 1503.67, 1503.67, 1503.67, 1503.67, 1503.67, 1503.67, 1503.67, 1503.67, 1503.67, 1503.67, 1503.67, 1503.67, 1503.67, 1503.67, 1503.67, 1503.67, 1503.67
1503.67, 1503.67, 1503.67, 1359.17, 394.848, 1503.67, 1503.67, 394.848, 1359.17, 715.162, 1142.08, 1503.67, 1359.17, 1503.67, 1503.67, 1359.17, 394.848, 715.162, 715.162, 1503.67, 394.848, 715.162, 1359.17, 1503.67, 715.162, 1503.67, 1503.67, 715.162, 1503.67, 1503.67, 1503.67, 1503.67, 1240.53, 1359.17, 1359.17, 1503.67, 1359.17, 394.848, 1359.17, 1503.67, 394.848, 1359.17, 1503.67, 715.162, 1503.67, 715.162, 1503.67, 1359.17, 1503.67, 1503.67, 1638.74, 1638.74, 1638.74, 1638.74, 1638.74, 1638.74, 1638.74, 1638.74, 1638.74, 1638.74, 1638.74, 1638.74, 1638.74, 1638.74, 1638.74, 1638.74, 1638.74, 1638.74, 1638.74, 1638.74, 1638.74, 1638.74, 1638.74, 1638.74, 1638.74, 1638.74, 1638.74, 1638.74, 1638.74, 1638.74, 1638.74, 1638.74, 1638.74, 1638.74, 1638.74, 1638.74, 1638.74, 1638.74, 1638.74, 1638.74, 1638.74, 1638.74, 1638.74, 1638.74, 1638.74, 1638.74, 1638.74, 1638.74, 1638.74, 1638.74
1503.67, 1638.74, 1359.17, 394.848, 1638.74, 1638.74, 1638.74, 1638.74, 1638.74, 1638.74, 1638.74, 1503.67, 394.848, 1638.74, 1638.74, 1359.17, 1638.74, 1359.17, 1359.17, 1638.74, 1638.74, 1503.67, 394.848, 394.848, 1638.74, 1638.74, 1638.74, 1503.67, 1638.74, 1359.17, 1638.74, 1503.67, 394.848, 1638.74, 1638.74, 715.162, 1638.74, 715.162, 1638.74, 715.162, 715.162, 1638.74, 394.848, 1359.17, 715.162, 394.848, 1638.74, 1638.74, 1638.74, 1638.74, 1173.11, 1083, 1083, 1083, 1083, 1083, 1083, 1083, 1083, 1083, 1083, 1083, 1083, 1083, 1083, 1083, 1083, 1083, 1083, 1083, 1083, 1083, 1083, 1083, 1083, 1083, 1083, 1083, 1083, 1083, 1083, 1083, 1083, 1083, 1083, 1083, 1083, 1083, 1083, 1083, 1083, 1083, 1083, 1083, 1083, 1083, 1083, 1083, 1083, 1083
1359.17, 1083, 1638.74, 1638.74, 1083, 1083, 1083, 1083, 1083, 1083, 1083, 1503.67, 1638.74, 1083, 1083, 1638.74, 1083, 394.848, 394.848, 1083, 1083, 1359.17, 1638.74, 715.162, 1083, 1083, 1083, 1638.74, 1083, 1638.74, 1083, 1638.74, 1638.74, 1083, 1083, 1359.17, 1083, 1359.17, 1083, 1503.67, 1503.67, 1083, 715.162, 1638.74, 1638.74, 1638.74, 1083, 1083, 1083, 1083, 1210.41, 1210.41, 1210.41, 1210.41, 1210.41, 1210.41, 1210.41, 1210.41, 1210.41, 1210.41, 1210.41, 1210.41, 1210.41, 1210.41, 1210.41, 1210.41, 1210.41, 1210.41, 1210.41, 1210.41, 1210.41, 1210.41, 1210.41, 1210.41, 1210.41, 1210.41, 1210.41, 1210.41, 1210.41, 1210.41, 1210.41, 1210.41, 1210.41, 1210.41, 1210.41, 1210.41, 1210.41, 1210.41, 1210.41, 1210.41, 1210.41, 1210.41, 1210.41, 1210.41, 1210.41, 1210.41, 1210.41, 1210.41, 1210.41, 1210.41
1638.74, 1503.67, 1083, 1210.41, 1083, 1638.74, 1210.41, 1638.74, 1638.74, 1638.74, 1083, 1210.41, 1210.41, 1210.41, 1638.74, 1210.41, 1638.74, 1210.41, 1083, 1210.41, 1503.67, 1210.41, 1210.41, 1083, 1638.74, 1210.41, 1210.41, 1210.41, 715.162, 1638.74, 1210.41, 1210.41, 1210.41, 1210.41, 1083, 1210.41, 1210.41, 1083, 1083, 1083, 1359.17, 1210.41, 1359.17, 1210.41, 1210.41, 1638.74, 1210.41, 394.848, 1083, 1083, 235.271, 1592.02, 1592.02, 1592.02, 1592.02, 1592.02, 1592.02, 1592.02, 1592.02, 1592.02, 1592.02, 1592.02, 1592.02, 1592.02, 1592.02, 1592.02, 1592.02, 1592.02, 1592.02, 1592.02, 1592.02, 1592.02, 1592.02, 1592.02, 1592.02, 1592.02, 1592.02, 1592.02, 1592.02, 1592.02, 1592.02, 1592.02, 1592.02, 1592.02, 1592.02, 1592.02, 1592.02, 1592.02, 1592.02, 1592.02, 1592.02, 1592.02, 1592.02, 1592.02, 1592.02, 1592.02, 1592.02, 1592.02, 1592.02, 1592.02
1210.41, 1359.17, 1359.17, 1592.02, 1210.41, 1592.02, 1638.74, 1592.02, 1592.02, 1210.41, 1638.74, 1592.02, 1083, 1638.74, 1592.02, 1592.02, 1210.41, 1592.02, 1592.02, 1210.41, 1210.41, 1592.02, 1638.74, 1210.41, 1592.02, 1083, 1210.41, 1210.41, 1638.74, 1592.02, 1359.17, 1210.41, 1210.41, 715.162, 1592.02, 1210.41, 1592.02, 1592.02, 1592.02, 1210.41, 1210.41, 1592.02, 1592.02, 1210.41, 1592.02, 1083, 1210.41, 1083, 715.162, 1359.17, 929.836, 1090.38, 1090.38, 1090.38, 1090.38, 1090.38, 1090.38, 1090.38, 1090.38, 1090.38, 1090.38, 1090.38, 1090.38, 1090.38, 1090.38, 1090.38, 1090.38, 1090.38, 1090.38, 1090.38, 1090.38, 1090.38, 1090.38, 1090.38, 1090.38, 1090.38, 1090.38, 1090.38, 1090.38, 1090.38, 1090.38, 1090.38, 1090.38, 1090.38, 1090.38, 1090.38, 1090.38, 1090.38, 1090.38, 1090.38, 1090.38, 1090.38, 1090.38, 1090.38, 1090.38, 1090.38, 1090.38, 1090.38, 1090.38, 1090.38
1592.02, 1592.02, 1592.02, 1090.38, 1083, 1090.38, 1083, 1090.38, 1090.38, 715.162, 1210.41, 1090.38, 1359.17, 1592.02, 1090.38, 1090.38, 1210.41, 1090.38, 1090.38, 1210.41, 715.162, 1090.38, 1592.02, 1210.41, 1090.38, 1592.02, 1638.74, 1592.02, 1210.41, 1090.38, 1210.41, 715.162, 1210.41, 1638.74, 1090.38, 1592.02, 1090.38, 1090.38, 1090.38, 1592.02, 1592.02, 1090.38, 1090.38, 1210.41, 1090.38, 1359.17, 1592.02, 1592.02, 1638.74, 1592.02, 1340.71, 1071.55, 1071.55, 1071.55, 1071.55, 1071.55, 1071.55, 1071.55, 1071.55, 1071.55, 1071.55, 1071.55, 1071.55, 1071.55, 1071.55, 1071.55, 1071.55, 1071.55, 1071.55, 1071.55, 1071.55, 1071.55, 1071.55, 1071.55, 1071.55, 1071.55, 1071.55, 1071.55, 1071.55, 1071.55, 1071.55, 1071.55, 1071.55, 1071.55, 1071.55, 1071.55, 1071.55, 1071.55, 1071.55, 1071.55, 1071.55, 1071.55, 1071.55, 1071.55, 1071.55, 1071.55, 1071.55, 1071.55, 1071.55, 1071.55
1090.38, 1359.17, 1071.55, 1071.55, 1071.55, 1210.41, 1090.38, 1071.55, 1071.55, 1071.55, 1071.55, 1071.55, 1071.55, 1592.02, 1071.55, 1090.38, 1638.74, 1592.02, 1071.55, 1592.02, 1090.38, 1071.55, 1090.38, 1592.02, 1071.55, 1090.38, 1071.55, 1638.74, 1592.02, 1071.55, 1071.55, 1090.38, 1210.41, 1071.55, 1592.02, 1090.38, 1071.55, 1340.71, 1592.02, 1071.55, 1090.38, 1592.02, 1071.55, 1071.55, 1071.55, 1071.55, 1071.55, 1071.55, 1090.38, 1071.55, 1048.22, 1048.22, 1048.22, 1048.22, 1048.22, 1048.22, 1048.22, 1048.22, 1048.22, 1048.22, 1048.22, 1048.22, 1048.22, 1048.22, 1048.22, 1048.22, 1048.22, 1048.22, 1048.22, 1048.22, 1048.22, 1048.22, 1048.22, 1048.22, 1048.22, 1048.22, 1048.22, 1048.22, 1048.22, 1048.22, 1048.22, 1048.22, 1048.22, 1048.22, 1048.22, 1048.22, 1048.22, 1048.22, 1048.22, 1048.22, 1048.22, 1048.22, 1048.22, 1048.22, 1048.22, 1048.22, 1048.22, 1048.22, 1048.22, 1048.22
1071.55, 1071.55, 1048.22, 1048.22, 1048.22, 1592.02, 1592.02, 1048.22, 1048.22, 1048.22, 1048.22, 1048.22, 1048.22, 1071.55, 1048.22, 1592.02, 1071.55, 1090.38, 1048.22, 1592.02, 1210.41, 1048.22, 1592.02, 1071.55, 1048.22, 1071.55, 1048.22, 1071.55, 1071.55, 1048.22, 1048.22, 1592.02, 1592.02, 1048.22, 1071.55, 1592.02, 1048.22, 1048.22, 1090.38, 1048.22, 1071.55, 1359.17, 1048.22, 1048.22, 1048.22, 1048.22, 1048.22, 1048.22, 1071.55, 1048.22, 877.528, 846.173, 846.173, 846.173, 846.173, 846.173, 846.173, 846.173, 846.173, 846.173, 846.173, 846.173, 846.173, 846.173, 846.173, 846.173, 846.173, 846.173, 846.173, 846.173, 846.173, 846.173, 846.173, 846.173, 846.173, 846.173, 846.173, 846.173, 846.173, 846.173, 846.173, 846.173, 846.173, 846.173, 846.173, 846.173, 846.173, 846.173, 846.173, 846.173, 846.173, 846.173, 846.173, 846.173, 846.173, 846.173, 846.173, 846.173, 846.173, 846.173
846.173, 846.173, 1071.55, 1048.22, 1592.02, 1048.22, 1048.22, 846.173, 1071.55, 846.173, 846.173, 846.173, 1048.22, 1048.22, 1592.02, 1048.22, 1048.22, 1048.22, 846.173, 846.173, 1048.22, 846.173, 1048.22, 846.173, 1592.02, 846.173, 1592.02, 846.173, 846.173, 1048.22, 846.173, 846.173, 846.173, 846.173, 846.173, 1592.02, 1071.55, 846.173, 846.173, 1048.22, 846.173, 846.173, 1048.22, 1592.02, 846.173, 1592.02, 846.173, 1071.55, 1071.55, 846.173, 459.464, 459.464, 459.464, 459.464, 459.464, 459.464, 459.464, 459.464, 459.464, 459.464, 459.464, 459.464, 459.464, 459.464, 459.464, 459.464, 459.464, 459.464, 459.464, 459.464, 459.464, 459.464, 459.464, 459.464, 459.464, 459.464, 459.464, 459.464, 459.464, 459.464, 459.464, 459.464, 459.464, 459.464, 459.464, 459.464, 459.464, 459.464, 459.464, 459.464, 459.464, 459.464, 459.464, 459.464, 459.464, 459.464, 459.464, 459.464, 459.464, 459.464
459.464, 459.464, 846.173, 846.173, 1048.22, 846.173, 846.173, 459.464, 846.173, 459.464, 459.464, 459.464, 846.173, 1592.02, 1048.22, 1048.22, 1592.02, 846.173, 459.464, 459.464, 846.173, 459.464, 846.173, 459.464, 846.173, 459.464, 846.173, 459.464, 459.464, 846.173, 459.464, 459.464, 459.464, 459.464, 459.464, 1048.22, 1048.22, 459.464, 459.464, 846.173, 459.464, 459.464, 846.173, 846.173, 459.464, 846.173, 459.464, 846.173, 846.173, 459.464, 800.843, 252.169, 252.169, 252.169, 252.169, 252.169, 252.169, 252.169, 252.169, 252.169, 252.169, 252.169, 252.169, 252.169, 252.169, 252.169, 252.169, 252.169, 252.169, 252.169, 252.169, 252.169, 252.169, 252.169, 252.169, 252.169, 252.169, 252.169, 252.169, 252.169, 252.169, 252.169, 252.169, 252.169, 252.169, 252.169, 252.169, 252.169, 252.169, 252.169, 252.169, 252.169, 252.169, 252.169, 252.169, 252.169, 252.169, 252.169, 252.169, 252.169
252.169, 252.169, 1048.22, 459.464, 459.464, 1048.22, 252.169, 846.173, 459.464, 252.169, 252.169, 1048.22, 252.169, 459.464, 459.464, 252.169, 252.169, 846.173, 252.169, 846.173, 459.464, 252.169, 459.464, 252.169, 252.169, 252.169, 459.464, 252.169, 252.169, 459.464, 459.464, 459.464, 252.169, 252.169, 846.173, 252.169, 846.173, 252.169, 459.464, 846.173, 252.169, 1048.22, 252.169, 459.464, 846.173, 459.464, 252.169, 846.173, 252.169, 459.464, 252.169, 240.726, 240.726, 240.726, 240.726, 240.726, 240.726, 240.726, 240.726, 240.726, 240.726, 240.726, 240.726, 240.726, 240.726, 240.726, 240.726, 240.726, 240.726, 240.726, 240.726, 240.726, 240.726, 240.726, 240.726, 240.726, 240.726, 240.726, 240.726, 240.726, 240.726, 240.726, 240.726, 240.726, 240.726, 240.726, 240.726, 240.726, 240.726, 240.726, 240.726, 240.726, 240.726, 240.726, 240.726, 240.726, 240.726, 240.726, 240.726, 240.726
240.726, 240.726, 846.173, 252.169, 252.169, 459.464, 240.726, 846.173, 252.169, 240.726, 240.726, 252.169, 240.726, 846.173, 252.169, 240.726, 240.726, 459.464, 240.726, 459.464, 252.169, 240.726, 1048.22, 240.726, 240.726, 240.726, 846.173, 240.726, 240.726, 252.169, 252.169, 252.169, 240.726, 240.726, 252.169, 240.726, 459.464, 240.726, 846.173, 1048.22, 240.726, 252.169, 240.726, 252.169, 1048.22, 252.169, 240.726, 459.464, 240.726, 846.173, 854.198, 854.198, 854.198, 854.198, 854.198, 854.198, 854.198, 854.198, 854.198, 854.198, 854.198, 854.198, 854.198, 854.198, 854.198, 854.198, 854.198, 854.198, 854.198, 854.198, 854.198, 854.198, 854.198, 854.198, 854.198, 854.198, 854.198, 854.198, 854.198, 854.198, 854.198, 854.198, 854.198, 854.198, 854.198, 854.198, 854.198, 854.198, 854.198, 854.198, 854.198, 854.198, 854.198, 854.198, 854.198, 854.198, 854.198, 854.198, 854.198, 854.198
1048.22, 459.464, 846.173, 854.198, 240.726, 252.169, 1048.22, 854.198, 854.198, 252.169, 252.169, 854.198, 854.198, 252.169, 854.198, 854.198, 854.198, 240.726, 854.198, 854.198, 854.198, 846.173, 854.198, 252.169, 854.198, 1048.22, 854.198, 854.198, 854.198, 854.198, 854.198, 854.198, 854.198, 459.464, 252.169, 854.198, 252.169, 854.198, 240.726, 854.198, 854.198, 846.173, 240.726, 252.169, 252.169, 854.198, 240.726, 854.198, 459.464, 854.198, 1152.18, 901.862, 901.862, 901.862, 901.862, 901.862, 901.862, 901.862, 901.862, 901.862, 901.862, 901.862, 901.862, 901.862, 901.862, 901.862, 901.862, 901.862, 901.862, 901.862, 901.862, 901.862, 901.862, 901.862, 901.862, 901.862, 901.862, 901.862, 901.862, 901.862, 901.862, 901.862, 901.862, 901.862, 901.862, 901.862, 901.862, 901.862, 901.862, 901.862, 901.862, 901.862, 901.862, 901.862, 901.862, 901.862, 901.862, 901.862, 901.862, 901.862
854.198, 854.198, 252.169, 901.862, 1048.22, 854.198, 854.198, 901.862, 901.862, 854.198, 854.198, 901.862, 901.862, 854.198, 901.862, 901.862, 901.862, 854.198, 901.862, 901.862, 901.862, 846.173, 901.862, 854.198, 901.862, 854.198, 901.862, 901.862, 901.862, 901.862, 901.862, 901.862, 901.862, 854.198, 854.198, 901.862, 854.198, 901.862, 854.198, 901.862, 901.862, 854.198, 252.169, 854.198, 854.198, 901.862, 459.464, 901.862, 252.169, 901.862, 865.032, 865.032, 865.032, 865.032, 865.032, 865.032, 865.032, 865.032, 865.032, 865.032, 865.032, 865.032, 865.032, 865.032, 865.032, 865.032, 865.032, 865.032, 865.032, 865.032, 865.032, 865.032, 865.032, 865.032, 865.032, 865.032, 865.032, 865.032, 865.032, 865.032, 865.032, 865.032, 865.032, 865.032, 865.032, 865.032, 865.032, 865.032, 865.032, 865.032, 865.032, 865.032, 865.032, 865.032, 865.032, 865.032, 865.032, 865.032, 865.032, 865.032
901.862, 901.862, 901.862, 901.862, 865.032, 901.862, 865.032, 865.032, 865.032, 865.032, 865.032, 865.032, 854.198, 865.032, 854.198, 865.032, 865.032, 854.198, 901.862, 901.862, 854.198, 854.198, 901.862, 865.032, 854.198, 865.032, 901.862, 901.862, 901.862, 854.198, 252.169, 901.862, 854.198, 252.169, 901.862, 901.862, 865.032, 901.862, 901.862, 865.032, 901.862, 865.032, 854.198, 854.198, 865.032, 865.032, 865.032, 865.032, 865.032, 901.862, 865.032, 820.879, 820.879, 820.879, 820.879, 820.879, 820.879, 820.879, 820.879, 820.879, 820.879, 820.879, 820.879, 820.879, 820.879, 820.879, 820.879, 820.879, 820.879, 820.879, 820.879, 820.879, 820.879, 820.879, 820.879, 820.879, 820.879, 820.879, 820.879, 820.879, 820.879, 820.879, 820.879, 820.879, 820.879, 820.879, 820.879, 820.879, 820.879, 820.879, 820.879, 820.879, 820.879, 820.879, 820.879, 820.879, 820.879, 820.879, 820.879, 820.879
854.198, 865.032, 901.862, 854.198, 820.879, 901.862, 820.879, 820.879, 820.879, 820.879, 820.879, 820.879, 252.169, 820.879, 865.032, 820.879, 820.879, 901.862, 252.169, 865.032, 901.862, 901.862, 901.862, 820.879, 865.032, 820.879, 865.032, 901.862, 901.862, 865.032, 854.198, 901.862, 865.032, 901.862, 865.032, 901.862, 820.879, 865.032, 901.862, 820.879, 252.169, 820.879, 252.169, 901.862, 820.879, 820.879, 820.879, 820.879, 820.879, 901.862, 701.263, 744.556, 744.556, 744.556, 744.556, 744.556, 744.556, 744.556, 744.556, 744.556, 744.556, 744.556, 744.556, 744.556, 744.556, 744.556, 744.556, 744.556, 744.556, 744.556, 744.556, 744.556, 744.556, 744.556, 744.556, 744.556, 744.556, 744.556, 744.556, 744.556, 744.556, 744.556, 744.556, 744.556, 744.556, 744.556, 744.556, 744.556, 744.556, 744.556, 744.556, 744.556, 744.556, 744.556, 744.556, 744.556, 744.556, 744.556, 744.556, 744.556
820.879, 744.556, 901.862, 820.879, 820.879, 901.862, 820.879, 854.198, 820.879, 865.032, 820.879, 744.556, 744.556, 820.879, 854.198, 820.879, 744.556, 901.862, 820.879, 744.556, 901.862, 744.556, 820.879, 744.556, 820.879, 744.556, 865.032, 901.862, 854.198, 744.556, 865.032, 865.032, 252.169, 820.879, 901.862, 744.556, 744.556, 744.556, 744.556, 744.556, 744.556, 901.862, 820.879, 865.032, 744.556, 820.879, 744.556, 901.862, 820.879, 744.556, 740.569, 744.556, 744.556, 744.556, 744.556, 744.556, 744.556, 744.556, 744.556, 744.556, 744.556, 744.556, 744.556, 744.556, 744.556, 744.556, 744.556, 744.556, 744.556, 744.556, 744.556, 744.556, 744.556, 744.556, 744.556, 744.556, 744.556, 744.556, 744.556, 744.556, 744.556, 744.556, 744.556, 744.556, 744.556, 744.556, 744.556, 744.556, 744.556, 744.556, 744.556, 744.556, 744.556, 744.556, 744.556, 744.556, 744.556, 744.556, 744.556, 744.556
820.879, 744.556, 854.198, 901.862, 744.556, 901.862, 820.879, 820.879, 854.198, 744.556, 820.879, 744.556, 744.556, 820.879, 865.032, 820.879, 744.556, 865.032, 744.556, 744.556, 901.862, 744.556, 820.879, 744.556, 820.879, 744.556, 744.556, 744.556, 865.032, 744.556, 854.198, 744.556, 744.556, 744.556, 744.556, 744.556, 744.556, 744.556, 744.556, 744.556, 744.556, 744.556, 820.879, 744.556, 744.556, 744.556, 744.556, 744.556, 865.032, 744.556, 847.796, 847.796, 847.796, 847.796, 847.796, 847.796, 847.796, 847.796, 847.796, 847.796, 847.796, 847.796, 847.796, 847.796, 847.796, 847.796, 847.796, 847.796, 847.796, 847.796, 847.796, 847.796, 847.796, 847.796, 847.796, 847.796, 847.796, 847.796, 847.796, 847.796, 847.796, 847.796, 847.796, 847.796, 847.796, 847.796, 847.796, 847.796, 847.796, 847.796, 847.796, 847.796, 847.796, 847.796, 847.796, 847.796, 847.796, 847.796, 847.796, 847.796
847.796, 847.796, 847.796, 744.556, 847.796, 847.796, 847.796, 847.796, 847.796, 847.796, 847.796, 847.796, 847.796, 847.796, 847.796, 744.556, 820.879, 744.556, 865.032, 865.032, 847.796, 847.796, 847.796, 847.796, 744.556, 847.796, 847.796, 744.556, 744.556, 847.796, 847.796, 744.556, 820.879, 744.556, 820.879, 847.796, 744.556, 744.556, 847.796, 847.796, 847.796, 847.796, 744.556, 847.796, 744.556, 744.556, 847.796, 744.556, 854.198, 744.556, 934.839, 934.839, 934.839, 934.839, 934.839, 934.839, 934.839, 934.839, 934.839, 934.839, 934.839, 934.839, 934.839, 934.839, 934.839, 934.839, 934.839, 934.839, 934.839, 934.839, 934.839, 934.839, 934.839, 934.839, 934.839, 934.839, 934.839, 934.839, 934.839, 934.839, 934.839, 934.839, 934.839, 934.839, 934.839, 934.839, 934.839, 934.839, 934.839, 934.839, 934.839, 934.839, 934.839, 934.839, 934.839, 934.839, 934.839, 934.839, 934.839, 934.839
934.839, 934.839, 934.839, 744.556, 934.839, 934.839, 934.839, 934.839, 934.839, 934.839, 934.839, 934.839, 934.839, 934.839, 934.839, 847.796, 847.796, 847.796, 744.556, 847.796, 934.839, 934.839, 934.839, 934.839, 847.796, 934.839, 934.839, 847.796, 847.796, 934.839, 934.839, 847.796, 847.796, 820.879, 744.556, 934.839, 744.556, 744.556, 934.839, 934.839, 934.839, 934.839, 744.556, 934.839, 847.796, 847.796, 934.839, 847.796, 847.796, 847.796, 253.73, 253.73, 253.73, 253.73, 253.73, 253.73, 253.73, 253.73, 253.73, 253.73, 253.73, 253.73, 253.73, 253.73, 253.73, 253.73, 253.73, 253.73, 253.73, 253.73, 253.73, 253.73, 253.73, 253.73, 253.73, 253.73, 253.73, 253.73, 253.73, 253.73, 253.73, 253.73, 253.73, 253.73, 253.73, 253.73, 253.73, 253.73, 253.73, 253.73, 253.73, 253.73, 253.73, 253.73, 253.73, 253.73, 253.73, 253.73, 253.73, 253.73
934.839, 253.73, 253.73, 934.839, 744.556, 847.796, 934.839, 744.556, 253.73, 934.839, 253.73, 934.839, 253.73, 847.796, 934.839, 253.73, 253.73, 253.73, 847.796, 253.73, 847.796, 934.839, 253.73, 253.73, 934.839, 847.796, 253.73, 847.796, 934.839, 934.839, 847.796, 847.796, 934.839, 847.796, 253.73, 934.839, 253.73, 934.839, 253.73, 253.73, 253.73, 847.796, 253.73, 253.73, 253.73, 934.839, 253.73, 253.73, 253.73, 253.73, 435.469, 435.469, 435.469, 435.469, 435.469, 435.469, 435.469, 435.469, 435.469, 435.469, 435.469, 435.469, 435.469, 435.469, 435.469, 435.469, 435.469, 435.469, 435.469, 435.469, 435.469, 435.469, 435.469, 435.469, 435.469, 435.469, 435.469, 435.469, 435.469, 435.469, 435.469, 435.469, 435.469, 435.469, 435.469, 435.469, 435.469, 435.469, 435.469, 435.469, 435.469, 435.469, 435.469, 435.469, 435.469, 435.469, 435.469, 435.469, 435.469, 435.469
934.839, 435.469, 435.469, 847.796, 847.796, 934.839, 253.73, 253.73, 435.469, 934.839, 435.469, 253.73, 435.469, 253.73, 847.796, 435.469, 435.469, 435.469, 253.73, 435.469, 847.796, 253.73, 435.469, 435.469, 253.73, 934.839, 435.469, 847.796, 253.73, 744.556, 934.839, 934.839, 847.796, 253.73, 435.469, 847.796, 435.469, 934.839, 435.469, 435.469, 435.469, 253.73, 435.469, 435.469, 435.469, 934.839, 435.469, 435.469, 435.469, 435.469, 872.16, 872.16, 872.16, 872.16, 872.16, 872.16, 872.16, 872.16, 872.16, 872.16, 872.16, 872.16, 872.16, 872.16, 872.16, 872.16, 872.16, 872.16, 872.16, 872.16, 872.16, 872.16, 872.16, 872.16, 872.16, 872.16, 872.16, 872.16, 872.16, 872.16, 872.16, 872.16, 872.16, 872.16, 872.16, 872.16, 872.16, 872.16, 872.16, 872.16, 872.16, 872.16, 872.16, 872.16, 872.16, 872.16, 872.16, 872.16, 872.16, 872.16
435.469, 435.469, 934.839, 934.839, 934.839, 872.16, 847.796, 934.839, 872.16, 872.16, 872.16, 253.73, 435.469, 435.469, 872.16, 872.16, 253.73, 435.469, 872.16, 253.73, 872.16, 435.469, 872.16, 872.16, 435.469, 934.839, 435.469, 872.16, 872.16, 872.16, 872.16, 435.469, 872.16, 872.16, 435.469, 872.16, 872.16, 435.469, 872.16, 435.469, 872.16, 872.16, 872.16, 872.16, 872.16, 435.469, 872.16, 872.16, 253.73, 435.469, 897.656, 897.656, 897.656, 897.656, 897.656, 897.656, 897.656, 897.656, 897.656, 897.656, 897.656, 897.656, 897.656, 897.656, 897.656, 897.656, 897.656, 897.656, 897.656, 897.656, 897.656, 897.656, 897.656, 897.656, 897.656, 897.656, 897.656, 897.656, 897.656, 897.656, 897.656, 897.656, 897.656, 897.656, 897.656, 897.656, 897.656, 897.656, 897.656, 897.656, 897.656, 897.656, 897.656, 897.656, 897.656, 897.656, 897.656, 897.656, 897.656, 897.656
435.469, 435.469, 872.16, 435.469, 872.16, 897.656, 872.16, 435.469, 897.656, 897.656, 897.656, 872.16, 872.16, 872.16, 897.656, 897.656, 435.469, 872.16, 897.656, 847.796, 897.656, 872.16, 897.656, 897.656, 872.16, 435.469, 435.469, 897.656, 897.656, 897.656, 897.656, 872.16, 897.656, 897.656, 872.16, 897.656, 897.656, 253.73, 897.656, 872.16, 897.656, 897.656, 897.656, 897.656, 897.656, 872.16, 897.656, 897.656, 872.16, 253.73, 1293.24, 924.143, 924.143, 924.143, 924.143, 924.143, 924.143, 924.143, 924.143, 924.143, 924.143, 924.143, 924.143, 924.143, 924.143, 924.143, 924.143, 924.143, 924.143, 924.143, 924.143, 924.143, 924.143, 924.143, 924.143, 924.143, 924.143, 924.143, 924.143, 924.143, 924.143, 924.143, 924.143, 924.143, 924.143, 924.143, 924.143, 924.143, 924.143, 924.143, 924.143, 924.143, 924.143, 924.143, 924.143, 924.143, 924.143, 924.143, 924.143, 924.143
872.16, 924.143, 872.16, 847.796, 924.143, 924.143, 924.143, 253.73, 897.656, 924.143, 924.143, 897.656, 924.143, 897.656, 924.143, 924.143, 872.16, 872.16, 1293.24, 435.469, 924.143, 435.469, 897.656, 924.143, 897.656, 924.143, 897.656, 872.16, 872.16, 924.143, 924.143, 897.656, 924.143, 872.16, 897.656, 924.143, 924.143, 897.656, 897.656, 924.143, 924.143, 897.656, 924.143, 435.469, 435.469, 897.656, 897.656, 924.143, 924.143, 924.143, 1256.07, 1256.07, 1256.07, 1256.07, 1256.07, 1256.07, 1256.07, 1256.07, 1256.07, 1256.07, 1256.07, 1256.07, 1256.07, 1256.07, 1256.07, 1256.07, 1256.07, 1256.07, 1256.07, 1256.07, 1256.07, 1256.07, 1256.07, 1256.07, 1256.07, 1256.07, 1256.07, 1256.07, 1256.07, 1256.07, 1256.07, 1256.07, 1256.07, 1256.07, 1256.07, 1256.07, 1256.07, 1256.07, 1256.07, 1256.07, 1256.07, 1256.07, 1256.07, 1256.07, 1256.07, 1256.07, 1256.07, 1256.07, 1256.07, 1256.07
924.143, 1256.07, 872.16, 435.469, 1256.07, 1256.07, 1256.07, 897.656, 924.143, 1256.07, 1256.07, 872.16, 1256.07, 924.143, 1256.07, 1256.07, 924.143, 435.469, 1256.07, 872.16, 1256.07, 847.796, 924.143, 1256.07, 924.143, 1256.07, 924.143, 924.143, 924.143, 1256.07, 1256.07, 924.143, 1256.07, 924.143, 435.469, 1256.07, 1256.07, 924.143, 435.469, 1256.07, 1256.07, 1293.24, 1256.07, 253.73, 847.796, 924.143, 1293.24, 1256.07, 1256.07, 1256.07, 722.765, 1131.52, 1131.52, 1131.52, 1131.52, 1131.52, 1131.52, 1131.52, 1131.52, 1131.52, 1131.52, 1131.52, 1131.52, 1131.52, 1131.52, 1131.52, 1131.52, 1131.52, 1131.52, 1131.52, 1131.52, 1131.52, 1131.52, 1131.52, 1131.52, 1131.52, 1131.52, 1131.52, 1131.52, 1131.52, 1131.52, 1131.52, 1131.52, 1131.52, 1131.52, 1131.52, 1131.52, 1131.52, 1131.52, 1131.52, 1131.52, 1131.52, 1131.52, 1131.52, 1131.52, 1131.52, 1131.52, 1131.52, 1131.52, 1131.52
1131.52, 1131.52, 1131.52, 1256.07, 1131.52, 1256.07, 924.143, 1131.52, 924.143, 1256.07, 435.469, 1131.52, 1256.07, 1256.07, 1131.52, 1256.07, 1256.07, 1256.07, 1131.52, 1131.52, 1131.52, 924.143, 847.796, 897.656, 924.143, 1131.52, 847.796, 1131.52, 1131.52, 1131.52, 897.656, 1131.52, 847.796, 897.656, 1131.52, 924.143, 924.143, 872.16, 1131.52, 1256.07, 924.143, 1131.52, 924.143, 1256.07, 1131.52, 1131.52, 1131.52, 1131.52, 1131.52, 1131.52, 1323.73, 1208.46, 1208.46, 1208.46, 1208.46, 1208.46, 1208.46, 1208.46, 1208.46, 1208.46, 1208.46, 1208.46, 1208.46, 1208.46, 1208.46, 1208.46, 1208.46, 1208.46, 1208.46, 1208.46, 1208.46, 1208.46, 1208.46, 1208.46, 1208.46, 1208.46, 1208.46, 1208.46, 1208.46, 1208.46, 1208.46, 1208.46, 1208.46, 1208.46, 1208.46, 1208.46, 1208.46, 1208.46, 1208.46, 1208.46, 1208.46, 1208.46, 1208.46, 1208.46, 1208.46, 1208.46, 1208.46, 1208.46, 1208.46, 1208.46
1208.46, 1208.46, 924.143, 1131.52, 1208.46, 1208.46, 1208.46, 1208.46, 1208.46, 1131.52, 1208.46, 924.143, 1131.52, 1208.46, 1131.52, 1131.52, 1208.46, 1256.07, 924.143, 435.469, 1208.46, 1131.52, 897.656, 924.143, 1256.07, 1131.52, 1208.46, 1131.52, 1208.46, 924.143, 1256.07, 924.143, 1208.46, 1208.46, 1208.46, 1208.46, 1208.46, 1208.46, 1208.46, 1131.52, 1208.46, 847.796, 1208.46, 924.143, 1131.52, 1208.46, 1256.07, 1208.46, 1208.46, 1208.46, 1323.73, 1021.96, 1021.96, 1021.96, 1021.96, 1021.96, 1021.96, 1021.96, 1021.96, 1021.96, 1021.96, 1021.96, 1021.96, 1021.96, 1021.96, 1021.96, 1021.96, 1021.96, 1021.96, 1021.96, 1021.96, 1021.96, 1021.96, 1021.96, 1021.96, 1021.96, 1021.96, 1021.96, 1021.96, 1021.96, 1021.96, 1021.96, 1021.96, 1021.96, 1021.96, 1021.96, 1021.96, 1021.96, 1021.96, 1021.96, 1021.96, 1021.96, 1021.96, 1021.96, 1021.96, 1021.96, 1021.96, 1021.96, 1021.96, 1021.96
1021.96, 1021.96, 1208.46, 1208.46, 1021.96, 1021.96, 1021.96, 1021.96, 1021.96, 847.796, 1021.96, 1208.46, 924.143, 1021.96, 924.143, 1208.46, 1021.96, 924.143, 1131.52, 1208.46, 1021.96, 1208.46, 1256.07, 1256.07, 924.143, 1208.46, 1021.96, 1208.46, 1021.96, 1208.46, 1208.46, 1256.07, 1021.96, 1021.96, 1021.96, 1021.96, 1021.96, 1021.96, 1021.96, 847.796, 1021.96, 1208.46, 1021.96, 1208.46, 924.143, 1021.96, 1131.52, 1021.96, 1021.96, 1021.96, 1347.07, 1347.07, 1347.07, 1347.07, 1347.07, 1347.07, 1347.07, 1347.07, 1347.07, 1347.07, 1347.07, 1347.07, 1347.07, 1347.07, 1347.07, 1347.07, 1347.07, 1347.07, 1347.07, 1347.07, 1347.07, 1347.07, 1347.07, 1347.07, 1347.07, 1347.07, 1347.07, 1347.07, 1347.07, 1347.07, 1347.07, 1347.07, 1347.07, 1347.07, 1347.07, 1347.07, 1347.07, 1347.07, 1347.07, 1347.07, 1347.07, 1347.07, 1347.07, 1347.07, 1347.07, 1347.07, 1347.07, 1347.07, 1347.07, 1347.07
1208.46, 1347.07, 1256.07, 924.143, 1021.96, 1021.96, 1021.96, 1021.96, 1208.46, 1208.46, 1021.96, 1021.96, 1021.96, 1021.96, 1021.96, 1347.07, 1208.46, 1347.07, 1347.07, 924.143, 1347.07, 1347.07, 1347.07, 1347.07, 1347.07, 1347.07, 1347.07, 1347.07, 1021.96, 1208.46, 1208.46, 1021.96, 1347.07, 1021.96, 1021.96, 1208.46, 1347.07, 1021.96, 1021.96, 1347.07, 1347.07, 1347.07, 1021.96, 1208.46, 1347.07, 1021.96, 1021.96, 924.143, 1347.07, 1347.07, 1140.15, 1383.41, 1383.41, 1383.41, 1383.41, 1383.41, 1383.41, 1383.41, 1383.41, 1383.41, 1383.41, 1383.41, 1383.41, 1383.41, 1383.41, 1383.41, 1383.41, 1383.41, 1383.41, 1383.41, 1383.41, 1383.41, 1383.41, 1383.41, 1383.41, 1383.41, 1383.41, 1383.41, 1383.41, 1383.41, 1383.41, 1383.41, 1383.41, 1383.41, 1383.41, 1383.41, 1383.41, 1383.41, 1383.41, 1383.41, 1383.41, 1383.41, 1383.41, 1383.41, 1383.41, 1383.41, 1383.41, 1383.41, 1383.41, 1383.41
1347.07, 1383.41, 1347.07, 1021.96, 1021.96, 1347.07, 1021.96, 1021.96, 1021.96, 1021.96, 1208.46, 1021.96, 1021.96, 1021.96, 1347.07, 1383.41, 1208.46, 1383.41, 1383.41, 1347.07, 1383.41, 1383.41, 1383.41, 1383.41, 1383.41, 1140.15, 1383.41, 1383.41, 1208.46, 924.143, 1347.07, 1347.07, 1383.41, 1347.07, 1021.96, 924.143, 1383.41, 1021.96, 1208.46, 1383.41, 1383.41, 1383.41, 1208.46, 1347.07, 1383.41, 1021.96, 1021.96, 1021.96, 1383.41, 1383.41, 1321.97, 1010.08, 1010.08, 1010.08, 1010.08, 1010.08, 1010.08, 1010.08, 1010.08, 1010.08, 1010.08, 1010.08, 1010.08, 1010.08, 1010.08, 1010.08, 1010.08, 1010.08, 1010.08, 1010.08, 1010.08, 1010.08, 1010.08, 1010.08, 1010.08, 1010.08, 1010.08, 1010.08, 1010.08, 1010.08, 1010.08, 1010.08, 1010.08, 1010.08, 1010.08, 1010.08, 1010.08, 1010.08, 1010.08, 1010.08, 1010.08, 1010.08, 1010.08, 1010.08, 1010.08, 1010.08, 1010.08, 1010.08, 1010.08, 1010.08
1347.07, 1010.08, 1010.08, 1010.08, 1021.96, 1021.96, 1208.46, 1010.08, 1010.08, 1010.08, 1010.08, 1208.46, 1010.08, 1021.96, 1347.07, 1021.96, 1010.08, 1021.96, 1383.41, 1010.08, 1010.08, 1021.96, 1208.46, 1010.08, 1010.08, 1383.41, 1010.08, 1021.96, 1021.96, 1010.08, 1347.07, 1010.08, 1010.08, 1208.46, 1021.96, 1383.41, 1010.08, 1208.46, 1383.41, 1347.07, 1021.96, 1321.97, 1010.08, 1010.08, 1010.08, 1021.96, 1010.08, 1021.96, 1383.41, 1021.96, 989.027, 1010.08, 1010.08, 1010.08, 1010.08, 1010.08, 1010.08, 1010.08, 1010.08, 1010.08, 1010.08, 1010.08, 1010.08, 1010.08, 1010.08, 1010.08, 1010.08, 1010.08, 1010.08, 1010.08, 1010.08, 1010.08, 1010.08, 1010.08, 1010.08, 1010.08, 1010.08, 1010.08, 1010.08, 1010.08, 1010.08, 1010.08, 1010.08, 1010.08, 1010.08, 1010.08, 1010.08, 1010.08, 1010.08, 1010.08, 1010.08, 1010.08, 1010.08, 1010.08, 1010.08, 1010.08, 1010.08, 1010.08, 1010.08, 1010.08
1347.07, 1010.08, 1010.08, 1010.08, 1010.08, 1208.46, 1010.08, 1010.08, 1010.08, 1010.08, 1010.08, 1010.08, 1010.08, 1010.08, 1010.08, 1010.08, 1010.08, 1010.08, 1321.97, 1010.08, 1010.08, 1208.46, 1010.08, 1010.08, 1010.08, 1021.96, 1010.08, 1010.08, 1010.08, 1010.08, 1010.08, 1010.08, 1010.08, 1021.96, 1208.46, 1021.96, 1010.08, 1010.08, 1010.08, 1021.96, 1021.96, 989.027, 1010.08, 1010.08, 1010.08, 1010.08, 1010.08, 1021.96, 1021.96, 1010.08, 712.401, 725.225, 725.225, 725.225, 725.225, 725.225, 725.225, 725.225, 725.225, 725.225, 725.225, 725.225, 725.225, 725.225, 725.225, 725.225, 725.225, 725.225, 725.225, 725.225, 725.225, 725.225, 725.225, 725.225, 725.225, 725.225, 725.225, 725.225, 725.225, 725.225, 725.225, 725.225, 725.225, 725.225, 725.225, 725.225, 725.225, 725.225, 725.225, 725.225, 725.225, 725.225, 725.225, 725.225, 725.225, 725.225, 725.225, 725.225, 725.225, 725.225
1010.08, 1010.08, 1208.46, 725.225, 1010.08, 725.225, 1010.08, 1010.08, 725.225, 725.225, 725.225, 1010.08, 725.225, 725.225, 725.225, 1208.46, 725.225, 1208.46, 725.225, 1010.08, 725.225, 1010.08, 725.225, 1010.08, 1010.08, 725.225, 725.225, 1010.08, 1321.97, 725.225, 1021.96, 1010.08, 1010.08, 1021.96, 1010.08, 1010.08, 1010.08, 1021.96, 1010.08, 725.225, 725.225, 725.225, 725.225, 1021.96, 725.225, 1010.08, 725.225, 1010.08, 989.027, 725.225, 723.713, 172.548, 172.548, 172.548, 172.548, 172.548, 172.548, 172.548, 172.548, 172.548, 172.548, 172.548, 172.548, 172.548, 172.548, 172.548, 172.548, 172.548, 172.548, 172.548, 172.548, 172.548, 172.548, 172.548, 172.548, 172.548, 172.548, 172.548, 172.548, 172.548, 172.548, 172.548, 172.548, 172.548, 172.548, 172.548, 172.548, 172.548, 172.548, 172.548, 172.548, 172.548, 172.548, 172.548, 172.548, 172.548, 172.548, 172.548, 172.548, 172.548
1010.08, 1010.08, 1010.08, 172.548, 725.225, 172.548, 1010.08, 725.225, 172.548, 172.548, 172.548, 1208.46, 172.548, 172.548, 172.548, 1010.08, 172.548, 1010.08, 172.548, 725.225, 172.548, 725.225, 172.548, 1010.08, 725.225, 172.548, 172.548, 1021.96, 725.225, 172.548, 1010.08, 1010.08, 1010.08, 1010.08, 1010.08, 1010.08, 1010.08, 1021.96, 725.225, 172.548, 172.548, 172.548, 172.548, 1010.08, 172.548, 725.225, 172.548, 1010.08, 725.225, 172.548, 1217.94, 741.424, 741.424, 741.424, 741.424, 741.424, 741.424, 741.424, 741.424, 741.424, 741.424, 741.424, 741.424, 741.424, 741.424, 741.424, 741.424, 741.424, 741.424, 741.424, 741.424, 741.424, 741.424, 741.424, 741.424, 741.424, 741.424, 741.424, 741.424, 741.424, 741.424, 741.424, 741.424, 741.424, 741.424, 741.424, 741.424, 741.424, 741.424, 741.424, 741.424, 741.424, 741.424, 741.424, 741.424, 741.424, 741.424, 741.424, 741.424, 741.424
741.424, 741.424, 725.225, 741.424, 1010.08, 741.424, 741.424, 741.424, 741.424, 1010.08, 1010.08, 741.424, 741.424, 741.424, 172.548, 172.548, 172.548, 172.548, 1010.08, 741.424, 741.424, 1217.94, 741.424, 1010.08, 741.424, 741.424, 172.548, 741.424, 741.424, 741.424, 741.424, 741.424, 1010.08, 1010.08, 1021.96, 172.548, 741.424, 741.424, 741.424, 172.548, 741.424, 725.225, 741.424, 172.548, 741.424, 741.424, 172.548, 1208.46, 741.424, 741.424, 1217.94, 1022.81, 1022.81, 1022.81, 1022.81, 1022.81, 1022.81, 1022.81, 1022.81, 1022.81, 1022.81, 1022.81, 1022.81, 1022.81, 1022.81, 1022.81, 1022.81, 1022.81, 1022.81, 1022.81, 1022.81, 1022.81, 1022.81, 1022.81, 1022.81, 1022.81, 1022.81, 1022.81, 1022.81, 1022.81, 1022.81, 1022.81, 1022.81, 1022.81, 1022.81, 1022.81, 1022.81, 1022.81, 1022.81, 1022.81, 1022.81, 1022.81, 1022.81, 1022.81, 1022.81, 1022.81, 1022.81, 1022.81, 1022.81, 1022.81
1022.81, 1022.81, 1010.08, 1022.81, 741.424, 1022.81, 1022.81, 1022.81, 1022.81, 1010.08, 172.548, 1022.81, 1022.81, 1022.81, 172.548, 1010.08, 172.548, 172.548, 1208.46, 1022.81, 1022.81, 1217.94, 1022.81, 1208.46, 1022.81, 1022.81, 172.548, 1022.81, 1022.81, 1022.81, 1022.81, 1022.81, 741.424, 172.548, 741.424, 1010.08, 1022.81, 1022.81, 1022.81, 172.548, 1022.81, 741.424, 1022.81, 741.424, 1022.81, 1022.81, 1010.08, 741.424, 1022.81, 1022.81, 446.957, 966.438, 966.438, 966.438, 966.438, 966.438, 966.438, 966.438, 966.438, 966.438, 966.438, 966.438, 966.438, 966.438, 966.438, 966.438, 966.438, 966.438, 966.438, 966.438, 966.438, 966.438, 966.438, 966.438, 966.438, 966.438, 966.438, 966.438, 966.438, 966.438, 966.438, 966.438, 966.438, 966.438, 966.438, 966.438, 966.438, 966.438, 966.438, 966.438, 966.438, 966.438, 966.438, 966.438, 966.438, 966.438, 966.438, 966.438, 966.438, 966.438
172.548, 966.438, 966.438, 1022.81, 966.438, 1022.81, 741.424, 172.548, 741.424, 741.424, 966.438, 741.424, 966.438, 966.438, 966.438, 966.438, 1010.08, 1022.81, 966.438, 1022.81, 966.438, 966.438, 966.438, 966.438, 172.548, 966.438, 1022.81, 1022.81, 1022.81, 966.438, 1022.81, 1022.81, 1022.81, 1022.81, 1022.81, 1022.81, 172.548, 966.438, 1022.81, 1208.46, 1022.81, 172.548, 1022.81, 1022.81, 1022.81, 966.438, 966.438, 966.438, 172.548, 172.548, 573.989, 573.989, 573.989, 573.989, 573.989, 573.989, 573.989, 573.989, 573.989, 573.989, 573.989, 573.989, 573.989, 573.989, 573.989, 573.989, 573.989, 573.989, 573.989, 573.989, 573.989, 573.989, 573.989, 573.989, 573.989, 573.989, 573.989, 573.989, 573.989, 573.989, 573.989, 573.989, 573.989, 573.989, 573.989, 573.989, 573.989, 573.989, 573.989, 573.989, 573.989, 573.989, 573.989, 573.989, 573.989, 573.989, 573.989, 573.989, 573.989, 573.989
